Zp_raw_m,V_raw_V,Zc_nm,F_nN,D_nm
5.01468e-06,-0.03967284229,-0.029756280531470305,-0.005951256106294061,370.07912544809767
5.0156042e-06,-0.03997801807,-0.3002678943284627,-0.06005357886569254,368.88441383430074
5.016528401e-06,-0.03997801807,-0.3002678943284627,-0.06005357886569254,367.9602128343004
5.017452601e-06,-0.03997801807,-0.3002678943284627,-0.06005357886569254,367.0360128343005
5.018376802e-06,-0.03997801807,-0.3002678943284627,-0.06005357886569254,366.111811834301
5.019301002e-06,-0.03967284229,-0.029756280531470305,-0.005951256106294061,365.4581234480972
5.020225202e-06,-0.03967284229,-0.029756280531470305,-0.005951256106294061,364.5339234480972
5.021149403e-06,-0.0393676665,0.24075534212964744,0.04815106842592949,363.88023407075883
5.022073603e-06,-0.03967284229,-0.029756280531470305,-0.005951256106294061,362.6855224480978
5.022997804e-06,-0.0393676665,0.24075534212964744,0.04815106842592949,362.0318330707586
5.023922004e-06,-0.03997801807,-0.3002678943284627,-0.06005357886569254,360.56660983430055
5.024846204e-06,-0.03967284229,-0.029756280531470305,-0.005951256106294061,359.9129214480975
5.025770405e-06,-0.0393676665,0.24075534212964744,0.04815106842592949,359.25923207075834
5.026694605e-06,-0.03906249072,0.5112669559266398,0.10225339118532799,358.6055436845554
5.027618805e-06,-0.03967284229,-0.029756280531470305,-0.005951256106294061,357.14032044809727
5.028543006e-06,-0.03906249072,0.5112669559266398,0.10225339118532799,356.75714268455596
5.029467206e-06,-0.03967284229,-0.029756280531470305,-0.005951256106294061,355.2919194480979
5.030391407e-06,-0.03967284229,-0.029756280531470305,-0.005951256106294061,354.3677184480976
5.031315607e-06,-0.03967284229,-0.029756280531470305,-0.005951256106294061,353.4435184480976
5.032239807e-06,-0.03997801807,-0.3002678943284627,-0.06005357886569254,352.2488068343007
5.033164008e-06,-0.0393676665,0.24075534212964744,0.04815106842592949,351.8656290707585
5.034088208e-06,-0.0393676665,0.24075534212964744,0.04815106842592949,350.9414290707585
5.035012409e-06,-0.03997801807,-0.3002678943284627,-0.06005357886569254,349.476204834301
5.035936609e-06,-0.03906249072,0.5112669559266398,0.10225339118532799,349.3635396845561
5.036860809e-06,-0.0393676665,0.24075534212964744,0.04815106842592949,348.1688280707591
5.03778501e-06,-0.0393676665,0.24075534212964744,0.04815106842592949,347.2446270707588
5.03870921e-06,-0.03997801807,-0.3002678943284627,-0.06005357886569254,345.77940383430075
5.039633411e-06,-0.0393676665,0.24075534212964744,0.04815106842592949,345.39622607075853
5.040557611e-06,-0.03997801807,-0.3002678943284627,-0.06005357886569254,343.9310028343005
5.041481811e-06,-0.03906249072,0.5112669559266398,0.10225339118532799,343.81833768455556
5.042406012e-06,-0.03997801807,-0.3002678943284627,-0.06005357886569254,342.0826018343002
5.043330212e-06,-0.0393676665,0.24075534212964744,0.04815106842592949,341.6994250707583
5.044254413e-06,-0.03906249072,0.5112669559266398,0.10225339118532799,341.0457356845559
5.045178613e-06,-0.03967284229,-0.029756280531470305,-0.005951256106294061,339.58051244809775
5.046102813e-06,-0.03997801807,-0.3002678943284627,-0.06005357886569254,338.3858008343008
5.047027014e-06,-0.03906249072,0.5112669559266398,0.10225339118532799,338.2731346845556
5.047951214e-06,-0.03997801807,-0.3002678943284627,-0.06005357886569254,336.5373998343006
5.048875414e-06,-0.03967284229,-0.029756280531470305,-0.005951256106294061,335.8837114480976
5.049799615e-06,-0.03906249072,0.5112669559266398,0.10225339118532799,335.50053368455536
5.050723815e-06,-0.03997801807,-0.3002678943284627,-0.06005357886569254,333.76479883430034
5.051648016e-06,-0.03997801807,-0.3002678943284627,-0.06005357886569254,332.84059783430087
5.052572216e-06,-0.03906249072,0.5112669559266398,0.10225339118532799,332.727932684556
5.053496416e-06,-0.03906249072,0.5112669559266398,0.10225339118532799,331.803732684556
5.054420617e-06,-0.03997801807,-0.3002678943284627,-0.06005357886569254,330.06799683430063
5.055344817e-06,-0.03967284229,-0.029756280531470305,-0.005951256106294061,329.41430844809764
5.056269018e-06,-0.03814696338,1.322801797317617,0.2645603594635234,329.8426655259465
5.057193218e-06,-0.03845213916,1.0522901835206246,0.21045803670412494,328.64795391214943
5.058117418e-06,-0.03967284229,-0.029756280531470305,-0.005951256106294061,326.6417074480974
5.059041619e-06,-0.03967284229,-0.029756280531470305,-0.005951256106294061,325.71750644809794
5.059965819e-06,-0.03967284229,-0.029756280531470305,-0.005951256106294061,324.79330644809795
5.06089002e-06,-0.03967284229,-0.029756280531470305,-0.005951256106294061,323.8691054480977
5.06181422e-06,-0.03997801807,-0.3002678943284627,-0.06005357886569254,322.67439383430076
5.06273842e-06,-0.03997801807,-0.3002678943284627,-0.06005357886569254,321.7501938343008
5.063662621e-06,-0.03997801807,-0.3002678943284627,-0.06005357886569254,320.82599283430045
5.064586821e-06,-0.03997801807,-0.3002678943284627,-0.06005357886569254,319.9017928343005
5.065511022e-06,-0.04028319385,-0.5707795081254552,-0.11415590162509104,318.7070802205032
5.066435222e-06,-0.03997801807,-0.3002678943284627,-0.06005357886569254,318.0533918343002
5.067359422e-06,-0.04028319385,-0.5707795081254552,-0.11415590162509104,316.85868022050323
5.068283623e-06,-0.03906249072,0.5112669559266398,0.10225339118532799,317.0165256845559
5.069207823e-06,-0.03997801807,-0.3002678943284627,-0.06005357886569254,315.28079083430083
5.070132023e-06,-0.0393676665,0.24075534212964744,0.04815106842592949,314.89761407075895
5.071056224e-06,-0.03997801807,-0.3002678943284627,-0.06005357886569254,313.4323898343006
5.071980424e-06,-0.03967284229,-0.029756280531470305,-0.005951256106294061,312.77870144809754
5.072904625e-06,-0.03967284229,-0.029756280531470305,-0.005951256106294061,311.85450044809727
5.073828825e-06,-0.0393676665,0.24075534212964744,0.04815106842592949,311.2008120707584
5.074753025e-06,-0.03967284229,-0.029756280531470305,-0.005951256106294061,310.0061004480973
5.075677226e-06,-0.03967284229,-0.029756280531470305,-0.005951256106294061,309.0818994480979
5.076601426e-06,-0.03906249072,0.5112669559266398,0.10225339118532799,308.698722684556
5.077525627e-06,-0.0393676665,0.24075534212964744,0.04815106842592949,307.5040100707587
5.078449827e-06,-0.03906249072,0.5112669559266398,0.10225339118532799,306.85032168455575
5.079374027e-06,-0.03967284229,-0.029756280531470305,-0.005951256106294061,305.38509844809766
5.080298228e-06,-0.0393676665,0.24075534212964744,0.04815106842592949,304.73140907075845
5.081222428e-06,-0.03967284229,-0.029756280531470305,-0.005951256106294061,303.53669744809736
5.082146629e-06,-0.0393676665,0.24075534212964744,0.04815106842592949,302.88300807075905
5.083070829e-06,-0.03967284229,-0.029756280531470305,-0.005951256106294061,301.68829644809796
5.083995029e-06,-0.03967284229,-0.029756280531470305,-0.005951256106294061,300.764096448098
5.08491923e-06,-0.03967284229,-0.029756280531470305,-0.005951256106294061,299.8398954480977
5.08584343e-06,-0.03906249072,0.5112669559266398,0.10225339118532799,299.4567186845558
5.08676763e-06,-0.0393676665,0.24075534212964744,0.04815106842592949,298.26200707075884
5.087691831e-06,-0.03967284229,-0.029756280531470305,-0.005951256106294061,297.06729444809747
5.088616031e-06,-0.0393676665,0.24075534212964744,0.04815106842592949,296.4136060707586
5.089540232e-06,-0.03997801807,-0.3002678943284627,-0.06005357886569254,294.9483818343002
5.090464432e-06,-0.03967284229,-0.029756280531470305,-0.005951256106294061,294.29469344809723
5.091388632e-06,-0.03967284229,-0.029756280531470305,-0.005951256106294061,293.37049344809725
5.092312833e-06,-0.04028319385,-0.5707795081254552,-0.11415590162509104,291.90526922050384
5.093237033e-06,-0.03906249072,0.5112669559266398,0.10225339118532799,292.06311568455595
5.094161234e-06,-0.0393676665,0.24075534212964744,0.04815106842592949,290.86840307075863
5.095085434e-06,-0.03906249072,0.5112669559266398,0.10225339118532799,290.21471468455564
5.096009634e-06,-0.03967284229,-0.029756280531470305,-0.005951256106294061,288.74949144809756
5.096933835e-06,-0.03906249072,0.5112669559266398,0.10225339118532799,288.3663136845554
5.097858035e-06,-0.0393676665,0.24075534212964744,0.04815106842592949,287.1716020707584
5.098782236e-06,-0.0393676665,0.24075534212964744,0.04815106842592949,286.247401070759
5.099706436e-06,-0.03967284229,-0.029756280531470305,-0.005951256106294061,285.0526894480979
5.100630636e-06,-0.03997801807,-0.3002678943284627,-0.06005357886569254,283.8579778343009
5.101554837e-06,-0.0393676665,0.24075534212964744,0.04815106842592949,283.4748000707587
5.102479037e-06,-0.03967284229,-0.029756280531470305,-0.005951256106294061,282.2800884480977
5.103403238e-06,-0.03906249072,0.5112669559266398,0.10225339118532799,281.89691068455545
5.104327438e-06,-0.03997801807,-0.3002678943284627,-0.06005357886569254,280.1611758343004
5.105251638e-06,-0.03967284229,-0.029756280531470305,-0.005951256106294061,279.5074874480974
5.106175839e-06,-0.03967284229,-0.029756280531470305,-0.005951256106294061,278.58328644809797
5.107100039e-06,-0.0393676665,0.24075534212964744,0.04815106842592949,277.9295980707591
5.108024239e-06,-0.04028319385,-0.5707795081254552,-0.11415590162509104,276.1938632205032
5.10894844e-06,-0.03967284229,-0.029756280531470305,-0.005951256106294061,275.81068544809773
5.10987264e-06,-0.0393676665,0.24075534212964744,0.04815106842592949,275.15699707075885
5.110796841e-06,-0.0393676665,0.24075534212964744,0.04815106842592949,274.2327960707586
5.111721041e-06,-0.0393676665,0.24075534212964744,0.04815106842592949,273.3085960707586
5.112645241e-06,-0.03997801807,-0.3002678943284627,-0.06005357886569254,271.84337283430057
5.113569442e-06,-0.03967284229,-0.029756280531470305,-0.005951256106294061,271.1896834480972
5.114493642e-06,-0.03967284229,-0.029756280531470305,-0.005951256106294061,270.26548344809726
5.115417843e-06,-0.03967284229,-0.029756280531470305,-0.005951256106294061,269.3412824480978
5.116342043e-06,-0.0393676665,0.24075534212964744,0.04815106842592949,268.6875940707589
5.117266243e-06,-0.0393676665,0.24075534212964744,0.04815106842592949,267.7633940707589
5.118190444e-06,-0.04058836963,-0.8412911219224475,-0.1682582243844895,265.7571466067066
5.119114644e-06,-0.0393676665,0.24075534212964744,0.04815106842592949,265.91499307075867
5.120038845e-06,-0.03997801807,-0.3002678943284627,-0.06005357886569254,264.4497688343003
5.120963045e-06,-0.0393676665,0.24075534212964744,0.04815106842592949,264.0665920707584
5.121887245e-06,-0.03967284229,-0.029756280531470305,-0.005951256106294061,262.87188044809733
5.122811446e-06,-0.04028319385,-0.5707795081254552,-0.11415590162509104,261.4066562205039
5.123735646e-06,-0.0393676665,0.24075534212964744,0.04815106842592949,261.29399107075903
5.124659847e-06,-0.03906249072,0.5112669559266398,0.10225339118532799,260.64030168455577
5.125584047e-06,-0.04028319385,-0.5707795081254552,-0.11415590162509104,258.6340552205037
5.126508247e-06,-0.0393676665,0.24075534212964744,0.04815106842592949,258.5213900707588
5.127432448e-06,-0.03967284229,-0.029756280531470305,-0.005951256106294061,257.32667744809737
5.128356648e-06,-0.04028319385,-0.5707795081254552,-0.11415590162509104,255.86145422050342
5.129280848e-06,-0.03997801807,-0.3002678943284627,-0.06005357886569254,255.20776583430046
5.130205049e-06,-0.0393676665,0.24075534212964744,0.04815106842592949,254.8245880707591
5.131129249e-06,-0.03967284229,-0.029756280531470305,-0.005951256106294061,253.62987644809715
5.13205345e-06,-0.03997801807,-0.3002678943284627,-0.06005357886569254,252.43516383430074
5.13297765e-06,-0.03997801807,-0.3002678943284627,-0.06005357886569254,251.51096383430078
5.13390185e-06,-0.03967284229,-0.029756280531470305,-0.005951256106294061,250.85727544809777
5.134826051e-06,-0.03997801807,-0.3002678943284627,-0.06005357886569254,249.6625628343005
5.135750251e-06,-0.03967284229,-0.029756280531470305,-0.005951256106294061,249.0088744480975
5.136674452e-06,-0.03967284229,-0.029756280531470305,-0.005951256106294061,248.0846734480972
5.137598652e-06,-0.0393676665,0.24075534212964744,0.04815106842592949,247.43098507075834
5.138522852e-06,-0.03906249072,0.5112669559266398,0.10225339118532799,246.77729668455538
5.139447053e-06,-0.03997801807,-0.3002678943284627,-0.06005357886569254,245.04156083430084
5.140371253e-06,-0.0393676665,0.24075534212964744,0.04815106842592949,244.65838407075896
5.141295454e-06,-0.03997801807,-0.3002678943284627,-0.06005357886569254,243.1931598343006
5.142219654e-06,-0.04058836963,-0.8412911219224475,-0.1682582243844895,241.72793660670663
5.143143854e-06,-0.0393676665,0.24075534212964744,0.04815106842592949,241.8857830707587
5.144068055e-06,-0.04028319385,-0.5707795081254552,-0.11415590162509104,240.15004722050332
5.144992255e-06,-0.03997801807,-0.3002678943284627,-0.06005357886569254,239.49635883430037
5.145916456e-06,-0.03967284229,-0.029756280531470305,-0.005951256106294061,238.8426694480979
5.146840656e-06,-0.03967284229,-0.029756280531470305,-0.005951256106294061,237.91846944809794
5.147764856e-06,-0.03967284229,-0.029756280531470305,-0.005951256106294061,236.99426944809795
5.148689057e-06,-0.0393676665,0.24075534212964744,0.04815106842592949,236.34058007075876
5.149613257e-06,-0.0393676665,0.24075534212964744,0.04815106842592949,235.4163800707588
5.150537457e-06,-0.03967284229,-0.029756280531470305,-0.005951256106294061,234.22166844809772
5.151461658e-06,-0.03997801807,-0.3002678943284627,-0.06005357886569254,233.0269558343004
5.152385858e-06,-0.03967284229,-0.029756280531470305,-0.005951256106294061,232.37326744809744
5.153310059e-06,-0.0393676665,0.24075534212964744,0.04815106842592949,231.7195780707591
5.154234259e-06,-0.04028319385,-0.5707795081254552,-0.11415590162509104,229.983843220504
5.155158459e-06,-0.03967284229,-0.029756280531470305,-0.005951256106294061,229.6006664480972
5.15608266e-06,-0.03997801807,-0.3002678943284627,-0.06005357886569254,228.40595383430076
5.15700686e-06,-0.03967284229,-0.029756280531470305,-0.005951256106294061,227.7522654480978
5.157931061e-06,-0.03997801807,-0.3002678943284627,-0.06005357886569254,226.55755283430048
5.158855261e-06,-0.03967284229,-0.029756280531470305,-0.005951256106294061,225.90386444809752
5.159779461e-06,-0.03967284229,-0.029756280531470305,-0.005951256106294061,224.97966444809754
5.160703662e-06,-0.03997801807,-0.3002678943284627,-0.06005357886569254,223.78495183430024
5.161627862e-06,-0.03997801807,-0.3002678943284627,-0.06005357886569254,222.86075183430026
5.162552063e-06,-0.03967284229,-0.029756280531470305,-0.005951256106294061,222.20706244809784
5.163476263e-06,-0.03967284229,-0.029756280531470305,-0.005951256106294061,221.28286244809786
5.164400463e-06,-0.03997801807,-0.3002678943284627,-0.06005357886569254,220.08815083430088
5.165324664e-06,-0.03967284229,-0.029756280531470305,-0.005951256106294061,219.43446144809758
5.166248864e-06,-0.0393676665,0.24075534212964744,0.04815106842592949,218.78077307075873
5.167173065e-06,-0.03906249072,0.5112669559266398,0.10225339118532799,218.12708368455543
5.168097265e-06,-0.03967284229,-0.029756280531470305,-0.005951256106294061,216.66186044809734
5.169021465e-06,-0.0393676665,0.24075534212964744,0.04815106842592949,216.0081720707585
5.169945666e-06,-0.0393676665,0.24075534212964744,0.04815106842592949,215.08397107075905
5.170869866e-06,-0.04028319385,-0.5707795081254552,-0.11415590162509104,213.34823622050396
5.171794066e-06,-0.03967284229,-0.029756280531470305,-0.005951256106294061,212.96505944809797
5.172718267e-06,-0.03967284229,-0.029756280531470305,-0.005951256106294061,212.04085844809768
5.173642467e-06,-0.03967284229,-0.029756280531470305,-0.005951256106294061,211.11665844809772
5.174566668e-06,-0.03967284229,-0.029756280531470305,-0.005951256106294061,210.19245744809743
5.175490868e-06,-0.03997801807,-0.3002678943284627,-0.06005357886569254,208.99774583430045
5.176415068e-06,-0.03997801807,-0.3002678943284627,-0.06005357886569254,208.07354583430046
5.177339269e-06,-0.03997801807,-0.3002678943284627,-0.06005357886569254,207.14934483430102
5.178263469e-06,-0.0393676665,0.24075534212964744,0.04815106842592949,206.7661680707583
5.17918767e-06,-0.0393676665,0.24075534212964744,0.04815106842592949,205.84196707075887
5.18011187e-06,-0.03967284229,-0.029756280531470305,-0.005951256106294061,204.64725544809778
5.18103607e-06,-0.0393676665,0.24075534212964744,0.04815106842592949,203.99356707075893
5.181960271e-06,-0.03967284229,-0.029756280531470305,-0.005951256106294061,202.79885444809753
5.182884471e-06,-0.03997801807,-0.3002678943284627,-0.06005357886569254,201.60414283430052
5.183808672e-06,-0.03967284229,-0.029756280531470305,-0.005951256106294061,200.95045344809725
5.184732872e-06,-0.03997801807,-0.3002678943284627,-0.06005357886569254,199.75574183430027
5.185657072e-06,-0.03967284229,-0.029756280531470305,-0.005951256106294061,199.1020534480973
5.186581273e-06,-0.03967284229,-0.029756280531470305,-0.005951256106294061,198.17785244809787
5.187505473e-06,-0.03875731494,0.7817785697236322,0.15635571394472647,198.06518729835295
5.188429674e-06,-0.03906249072,0.5112669559266398,0.10225339118532799,196.8704746845557
5.189353874e-06,-0.03967284229,-0.029756280531470305,-0.005951256106294061,195.4052514480976
5.190278074e-06,-0.0393676665,0.24075534212964744,0.04815106842592949,194.75156307075875
5.191202275e-06,-0.03967284229,-0.029756280531470305,-0.005951256106294061,193.55685044809735
5.192126475e-06,-0.03967284229,-0.029756280531470305,-0.005951256106294061,192.63265044809737
5.193050675e-06,-0.03967284229,-0.029756280531470305,-0.005951256106294061,191.7084504480974
5.193974876e-06,-0.03967284229,-0.029756280531470305,-0.005951256106294061,190.78424944809794
5.194899076e-06,-0.04058836963,-0.8412911219224475,-0.1682582243844895,189.048514606707
5.195823277e-06,-0.03997801807,-0.3002678943284627,-0.06005357886569254,188.66533683430066
5.196747477e-06,-0.03967284229,-0.029756280531470305,-0.005951256106294061,188.0116484480977
5.197671677e-06,-0.03997801807,-0.3002678943284627,-0.06005357886569254,186.81693683430072
5.198595878e-06,-0.03967284229,-0.029756280531470305,-0.005951256106294061,186.16324744809745
5.199520078e-06,-0.03967284229,-0.029756280531470305,-0.005951256106294061,185.23904744809747
5.200444279e-06,-0.03997801807,-0.3002678943284627,-0.06005357886569254,184.044334834301
5.201368479e-06,-0.03967284229,-0.029756280531470305,-0.005951256106294061,183.39064644809721
5.202292679e-06,-0.03997801807,-0.3002678943284627,-0.06005357886569254,182.1959348343002
5.20321688e-06,-0.03997801807,-0.3002678943284627,-0.06005357886569254,181.27173383430076
5.20414108e-06,-0.03967284229,-0.029756280531470305,-0.005951256106294061,180.6180454480978
5.205065281e-06,-0.04028319385,-0.5707795081254552,-0.11415590162509104,179.1528212205035
5.205989481e-06,-0.0393676665,0.24075534212964744,0.04815106842592949,179.04015607075866
5.206913681e-06,-0.03967284229,-0.029756280531470305,-0.005951256106294061,177.84544444809757
5.207837882e-06,-0.0393676665,0.24075534212964744,0.04815106842592949,177.19175507075838
5.208762082e-06,-0.03875731494,0.7817785697236322,0.15635571394472647,176.8085782983524
5.209686283e-06,-0.03692626025,2.404848261369712,0.4809696522739424,177.507446989999
5.210610483e-06,-0.03082274462,7.815080563901939,1.5630161127803879,181.99347929253128
5.211534683e-06,-0.2343749909,-172.61616674283277,-34.523233348566556,0.6380319857965999
5.212458884e-06,-0.2352905182,-173.42770154876723,-34.685540309753456,-1.0977038201381777
5.213383084e-06,-0.2362060456,-174.23923644334297,-34.847847288668596,-2.833438714713891
5.214307284e-06,-0.2359008698,-173.96872481181774,-34.79374496236355,-3.4871270831886085
5.215231485e-06,-0.2362060456,-174.23923644334297,-34.847847288668596,-4.681839714714159
5.216155685e-06,-0.2368163972,-174.78025970639348,-34.956051941278695,-6.147062977764617
5.217079886e-06,-0.2362060456,-174.23923644334297,-34.847847288668596,-6.53024071471358
5.218004086e-06,-0.2362060456,-174.23923644334297,-34.847847288668596,-7.454440714713553
5.218928286e-06,-0.2359008698,-173.96872481181774,-34.79374496236355,-8.10812908318827
5.219852487e-06,-0.235595694,-173.6982131802925,-34.739642636058505,-8.761818451663336
5.220776687e-06,-0.2352905182,-173.42770154876723,-34.685540309753456,-9.415506820138054
5.221700888e-06,-0.2343749909,-172.61616674283277,-34.523233348566556,-9.528173014203865
5.222625088e-06,-0.2334594636,-171.80463193689832,-34.36092638737966,-9.640838208269383
5.223549288e-06,-0.2325439362,-170.99309704232257,-34.198619408464516,-9.753503313693615
5.224473489e-06,-0.2316284089,-170.1815622363881,-34.036312447277616,-9.866169507759427
5.225397689e-06,-0.2307128815,-169.37002734181237,-33.874005468362476,-9.978834613183688
5.22632189e-06,-0.2294921784,-168.28798090435262,-33.65759618087053,-9.820989175723396
5.22724609e-06,-0.2273559479,-166.3943995723172,-33.27887991446344,-8.851607843687944
5.22817029e-06,-0.2267455964,-165.85337639790797,-33.170675279581594,-9.234784669278664
5.229094491e-06,-0.2249145417,-164.23030669739776,-32.846061339479554,-8.53591596876876
5.230018691e-06,-0.2236938386,-163.14826025993804,-32.62965205198761,-8.378069531309022
5.230942891e-06,-0.2218627839,-161.52519055942784,-32.30503811188557,-7.679199830798799
5.231867092e-06,-0.2206420807,-160.44314403332686,-32.088628806665376,-7.521354304698098
5.232791292e-06,-0.2182006745,-158.27905115840744,-31.655810231681485,-6.2814614297786475
5.233715493e-06,-0.2169799714,-157.19700472094772,-31.43940094418954,-6.123615992318383
5.234639693e-06,-0.216064444,-156.38546982637197,-31.277093965274396,-6.236281097742617
5.235563893e-06,-0.2148437409,-155.30342338891225,-31.06068467778245,-6.078434660282878
5.236488094e-06,-0.2136230378,-154.22137695145253,-30.84427539029051,-5.920589222823434
5.237412294e-06,-0.2127075104,-153.4098420568768,-30.68196841137536,-6.033254328247693
5.238336495e-06,-0.2117919831,-152.59830725094233,-30.51966145018847,-6.145920522313505
5.239260695e-06,-0.2108764557,-151.7867723563666,-30.35735447127332,-6.258585627737765
5.240184895e-06,-0.2096557526,-150.7047259189069,-30.140945183781376,-6.1007391902779995
5.241109096e-06,-0.209045401,-150.16370265585638,-30.03274053117128,-6.483916927226963
5.242033296e-06,-0.2078246979,-149.0816562183967,-29.81633124367934,-6.326070489767224
5.242957497e-06,-0.2075195221,-148.81114458687142,-29.762228917374287,-6.9797598582422635
5.243881697e-06,-0.2069091706,-148.2701214124622,-29.65402428249244,-7.362936683833009
5.244805897e-06,-0.2056884674,-147.18807488636122,-29.437614977272247,-7.2050901577320134
5.245730098e-06,-0.2056884674,-147.18807488636122,-29.437614977272247,-8.129291157732307
5.246654298e-06,-0.2053832917,-146.91756334347724,-29.38351266869545,-8.782979614848282
5.247578499e-06,-0.2047729401,-146.37654008042674,-29.275308016085347,-9.166157351798093
5.248502699e-06,-0.2044677643,-146.10602844890153,-29.221205689780305,-9.819845720272838
5.249426899e-06,-0.203552237,-145.29449364296704,-29.05889872859341,-9.932510914338327
5.2503511e-06,-0.2026367096,-144.48295874839133,-28.896591749678265,-10.045177019762061
5.2512753e-06,-0.2017211823,-143.67142394245684,-28.73428478849137,-10.157842213827552
5.2521995e-06,-0.2001953034,-142.31886587347188,-28.463773174694374,-9.729484144842557
5.253123701e-06,-0.1995849518,-141.77784261042137,-28.35556852208428,-10.112661881792368
5.254047901e-06,-0.1974487213,-139.88426127838594,-27.976852255677187,-9.14328054975689
5.254972102e-06,-0.1968383698,-139.34323810397672,-27.868647620795343,-9.526458375347955
5.255896302e-06,-0.1947021393,-137.44965677194125,-27.489931354388254,-8.557077043312477
5.256820502e-06,-0.1934814362,-136.36761033448155,-27.27352206689631,-8.399230605852738
5.257744703e-06,-0.1916503815,-134.74454063397133,-26.948908126794265,-7.700361905341963
5.258668903e-06,-0.1907348541,-133.9330057393956,-26.786601147879125,-7.8130270107662225
5.259593104e-06,-0.1885986237,-132.0394244960014,-26.407884899200283,-6.843646767372322
5.260517304e-06,-0.1873779205,-130.95737796990045,-26.19147559398009,-6.685800241271327
5.261441504e-06,-0.1852416901,-129.06379672650624,-25.81275934530125,-5.7164189978771045
5.262365705e-06,-0.1834106354,-127.44072702599603,-25.48814540519921,-5.017550297367176
5.263289905e-06,-0.1821899323,-126.35868058853632,-25.271736117707263,-4.859703859907437
5.264214106e-06,-0.1806640534,-125.00612251955134,-25.00122450391027,-4.431346790921918
5.265138306e-06,-0.1794433502,-123.92407599345037,-24.784815198690076,-4.273500264820922
5.266062506e-06,-0.1779174713,-122.57151792446541,-24.51430358489308,-3.845142195835928
5.266986707e-06,-0.1766967682,-121.48947148700569,-24.29789429740114,-3.6872967583765104
5.267910907e-06,-0.1751708893,-120.13691341802073,-24.02738268360415,-3.258938689391516
5.268835108e-06,-0.1736450104,-118.78435534903578,-23.756871069807154,-2.8305816204068566
5.269759308e-06,-0.1733398346,-118.51384371751053,-23.70276874350211,-3.4842699888815876
5.270683508e-06,-0.1721191315,-117.43179728005082,-23.486359456010163,-3.3264235514218488
5.271607709e-06,-0.1712036041,-116.62026238547507,-23.324052477095016,-3.4390896568464036
5.272531909e-06,-0.169982901,-115.53821594801536,-23.107643189603074,-3.2812432193866647
5.273456109e-06,-0.169982901,-115.53821594801536,-23.107643189603074,-4.205443219386638
5.27438031e-06,-0.1702880768,-115.8087275795406,-23.161745515908123,-5.400155850911328
5.27530451e-06,-0.1693725494,-114.99719268496489,-22.99943853699298,-5.512820956335574
5.276228711e-06,-0.1693725494,-114.99719268496489,-22.99943853699298,-6.437021956335869
5.277152911e-06,-0.1693725494,-114.99719268496489,-22.99943853699298,-7.361221956335842
5.278077111e-06,-0.1687621979,-114.45616951055564,-22.89123390211113,-7.7443987819265745
5.279001312e-06,-0.1681518463,-113.91514624750516,-22.78302924950103,-8.127576518876385
5.279925512e-06,-0.1678466705,-113.64463461597991,-22.728926923195985,-8.781264887351115
5.280849713e-06,-0.1675414947,-113.37412298445467,-22.674824596890936,-9.434954255825321
5.281773913e-06,-0.1666259674,-112.5625881785202,-22.512517635704043,-9.547619449890824
5.282698113e-06,-0.1666259674,-112.5625881785202,-22.512517635704043,-10.471819449890798
5.283622314e-06,-0.1660156158,-112.02156491546971,-22.40431298309394,-10.854997186840595
5.284546514e-06,-0.1647949127,-110.93951847800999,-22.187903695602,-10.697150749380857
5.285470715e-06,-0.1651000885,-111.21003010953524,-22.24200602190705,-11.891863380906393
5.286394915e-06,-0.1632690338,-109.58696040902502,-21.917392081805005,-11.192993680396157
5.287319115e-06,-0.1632690338,-109.58696040902502,-21.917392081805005,-12.117193680396129
5.288243316e-06,-0.1614379791,-107.96389070851482,-21.592778141702965,-11.41832497988538
5.289167516e-06,-0.1596069244,-106.34082100800462,-21.268164201600925,-10.719455279375143
5.290091717e-06,-0.1580810455,-104.98826293901965,-20.99765258780393,-10.291098210390471
5.291015917e-06,-0.1565551666,-103.6357048700347,-20.72714097400694,-9.86274014140549
5.291940117e-06,-0.1547241119,-102.01263516952449,-20.4025270339049,-9.163870440895254
5.292864318e-06,-0.1538085846,-101.20110036359002,-20.240220072718007,-9.27653663496108
5.293788518e-06,-0.1519775299,-99.5780306630798,-19.915606132615963,-8.577666934450843
5.294712718e-06,-0.1495361236,-97.41393769951911,-19.482787539903825,-7.3377739708901215
5.295636919e-06,-0.1483154205,-96.3318912620594,-19.26637825241188,-7.1799285334307035
5.296561119e-06,-0.1464843658,-94.70882156154919,-18.94176431230984,-6.481058832920468
5.29748532e-06,-0.1443481354,-92.81524031815499,-18.563048063631,-5.51167858952572
5.29840952e-06,-0.1422119049,-90.92165898611954,-18.184331797223912,-4.542297257490241
5.29933372e-06,-0.1403808502,-89.29858928560935,-17.85971785712187,-3.843427556980018
5.300257921e-06,-0.1382446197,-87.4050079535739,-17.48100159071478,-2.8740472249448605
5.301182121e-06,-0.1373290924,-86.59347314763943,-17.318694629527887,-2.986712419010364
5.302106322e-06,-0.1358032135,-85.24091507865445,-17.048183015730892,-2.558355350025691
5.303030522e-06,-0.1345825103,-84.15886855255351,-16.831773710510703,-2.400508823924722
5.303954722e-06,-0.1330566314,-82.80631048356855,-16.561262096713712,-1.9721507549397277
5.304878923e-06,-0.1324462799,-82.26528730915929,-16.45305746183186,-2.355328580529921
5.305803123e-06,-0.1318359283,-81.72426404610881,-16.344852809221763,-2.73850531747941
5.306727324e-06,-0.1303100494,-80.37170597712384,-16.07434119542477,-2.310148248494737
5.307651524e-06,-0.1303100494,-80.37170597712384,-16.07434119542477,-3.2343482484947104
5.308575724e-06,-0.1293945221,-79.56017117118937,-15.912034234237874,-3.347013442560214
5.309499925e-06,-0.1293945221,-79.56017117118937,-15.912034234237874,-4.271214442560509
5.310424125e-06,-0.1287841705,-79.01914790813889,-15.80382958162778,-4.6543911795099975
5.311348326e-06,-0.1284789947,-78.74863627661364,-15.749727255322727,-5.308080547984189
5.312272526e-06,-0.1278686431,-78.20761301356318,-15.641522602712636,-5.691257284933704
5.313196726e-06,-0.1275634674,-77.93710147067917,-15.587420294135834,-6.344945742050513
5.314120927e-06,-0.1278686431,-78.20761301356318,-15.641522602712636,-7.539658284933973
5.315045127e-06,-0.1269531158,-77.39607820762868,-15.479215641525736,-7.65232347899945
5.315969327e-06,-0.1272582916,-77.66658983915391,-15.533317967830783,-8.847035110524665
5.316893528e-06,-0.1260375885,-76.58454340169419,-15.31690868033884,-8.689189673065234
5.317817728e-06,-0.1257324127,-76.31403177016895,-15.262806354033792,-9.342878041539965
5.318741929e-06,-0.1242065338,-74.961473701184,-14.992294740236801,-8.914520972555305
5.319666129e-06,-0.1242065338,-74.961473701184,-14.992294740236801,-9.83872097255528
5.320590329e-06,-0.1232910064,-74.14993880660828,-14.829987761321656,-9.951386077979526
5.32151453e-06,-0.1223754791,-73.33840400067379,-14.667680800134757,-10.06405227204449
5.32243873e-06,-0.1208496002,-71.98584593168883,-14.397169186337768,-9.63569420305951
5.323362931e-06,-0.119628897,-70.90379940558785,-14.180759881117572,-9.477848676958821
5.324287131e-06,-0.1181030181,-69.5512413366029,-13.910248267320581,-9.04949060797384
5.325211331e-06,-0.1171874908,-68.73970653066841,-13.747941306133685,-9.162155802039331
5.326135532e-06,-0.1159667877,-67.6576600932087,-13.531532018641741,-9.004310364579913
5.327059732e-06,-0.1144409088,-66.30510202422374,-13.261020404844748,-8.575952295594918
5.327983933e-06,-0.1123046783,-64.41152069218829,-12.882304138437657,-7.606571963558914
5.328908133e-06,-0.109863272,-62.247427728627606,-12.449485545725521,-6.366678999998207
5.329832333e-06,-0.1089477447,-61.43589292269312,-12.287178584538625,-6.479344194063697
5.330756534e-06,-0.1068115142,-59.542311590657675,-11.908462318131535,-5.509963862028546
5.331680734e-06,-0.1046752838,-57.64873034726348,-11.529746069452695,-4.540582618634325
5.332604935e-06,-0.1034545806,-56.566683821162506,-11.313336764232503,-4.3827370925336435
5.333529135e-06,-0.1013183502,-54.67310257776832,-10.934620515553664,-3.4133558491394282
5.334453335e-06,-0.09979247125,-53.32054446446273,-10.664108892892544,-2.9849977358338124
5.335377536e-06,-0.09826659234,-51.967986386613646,-10.39359727732273,-2.5566406579841785
5.336301736e-06,-0.09674071343,-50.61542830876456,-10.123085661752912,-2.128282580135911
5.337225936e-06,-0.09490965874,-48.99235861711848,-9.798471723423695,-1.4294128884898016
5.338150137e-06,-0.09460448296,-48.72184700332148,-9.744369400664297,-2.0831022746922545
5.339074337e-06,-0.09338377984,-47.639800548133515,-9.527960109626703,-1.9252558195042615
5.339998538e-06,-0.09246825249,-46.82826569787841,-9.365653139575683,-2.0379219692494512
5.340922738e-06,-0.09094237358,-45.47570762002932,-9.095141524005864,-1.6095638914003367
5.341846938e-06,-0.09002684624,-44.664172778638346,-8.932834555727668,-1.722229050009332
5.342771139e-06,-0.08972167046,-44.393661164841355,-8.878732232968272,-2.3759184362126384
5.343695339e-06,-0.08941649468,-44.12314955104436,-8.824629910208872,-3.0296068224156167
5.34461954e-06,-0.08880614311,-43.58212631458625,-8.71642526291725,-3.4127845859569543
5.34554374e-06,-0.08819579155,-43.041103086992266,-8.608220617398453,-3.795961358362945
5.34646794e-06,-0.08758543999,-42.500079859398284,-8.500015971879657,-4.179138130768935
5.347392141e-06,-0.08636473686,-41.418033395346185,-8.283606679069237,-4.02129266671713
5.348316341e-06,-0.08666991264,-41.688545009143176,-8.337709001828637,-5.216004280514098
5.349240542e-06,-0.08636473686,-41.418033395346185,-8.283606679069237,-5.869693666717398
5.350164742e-06,-0.08544920952,-40.606498553955205,-8.12129971079104,-5.9823588253263935
5.351088942e-06,-0.08453368217,-39.794963703700105,-7.958992740740022,-6.0950239750712685
5.352013143e-06,-0.08453368217,-39.794963703700105,-7.958992740740022,-7.019224975070716
5.352937343e-06,-0.08392333061,-39.253940476106116,-7.850788095221224,-7.402401747476699
5.353861543e-06,-0.0823974517,-37.901382398257034,-7.580276479651408,-6.974043669627592
5.354785744e-06,-0.08270262748,-38.171894012054025,-7.634378802410805,-8.168756283424875
5.355709944e-06,-0.08087157279,-36.54882432040795,-7.309764864081591,-7.469886591778772
5.356634145e-06,-0.07995604545,-35.73728947901697,-7.147457895803395,-7.582552750388088
5.357558345e-06,-0.07812499076,-34.114219787370885,-6.822843957474178,-6.883683058741979
5.358482545e-06,-0.07629393607,-32.49115009572481,-6.498230019144963,-6.184813367095876
5.359406746e-06,-0.07507323294,-31.409103631672714,-6.2818207263345425,-6.026967903043223
5.360330946e-06,-0.07354735404,-30.056545562687752,-6.011309112537551,-5.598609834059083
5.361255147e-06,-0.07232665091,-28.974499098635658,-5.794899819727132,-5.440764370006438
5.362179347e-06,-0.07049559622,-27.351429406989578,-5.470285881397915,-4.741894678360328
5.363103547e-06,-0.0692748931,-26.269382951801607,-5.2538765903603215,-4.584048223172332
5.364027748e-06,-0.06774901419,-24.91682487395252,-4.983364974790505,-4.155691145323542
5.364951948e-06,-0.06622313528,-23.564266796103436,-4.712853359220688,-3.727333067474427
5.365876149e-06,-0.06439208059,-21.941197104457355,-4.388239420891471,-3.0284643758286425
5.366800349e-06,-0.0625610259,-20.318127412811272,-4.063625482562255,-2.329594684182533
5.367724549e-06,-0.06134032278,-19.2360809576233,-3.847216191524661,-2.171748228994537
5.36864875e-06,-0.06072997121,-18.695057721165192,-3.739011544233039,-2.5549259925358743
5.36957295e-06,-0.05981444387,-17.88352287977422,-3.5767045759548437,-2.6675911511448733
5.370497151e-06,-0.05859374074,-16.80147641572212,-3.3602952831444246,-2.5097456870930714
5.371421351e-06,-0.05706786183,-15.448918337873033,-3.089783667574607,-2.081387609243957
5.372345551e-06,-0.05645751027,-14.907895110279052,-2.9815790220558105,-2.464564381649947
5.373269752e-06,-0.05462645558,-13.28482541863297,-2.656965083726594,-1.7656956900041605
5.374193952e-06,-0.05371092824,-12.473290577241992,-2.4946581154483987,-1.878360848613156
5.375118152e-06,-0.05340575246,-12.202778963445,-2.440555792689,-2.532049234816138
5.376042353e-06,-0.05218504933,-11.120732499392906,-2.2241464998785814,-2.3742037707634904
5.376966553e-06,-0.05126952198,-10.30919764913781,-2.061839529827562,-2.486868920508367
5.377890754e-06,-0.05035399464,-9.497662807746824,-1.899532561549365,-2.5995350791176772
5.378814954e-06,-0.05004881886,-9.227151193949833,-1.8454302387899666,-3.253223465320659
5.379739154e-06,-0.05004881886,-9.227151193949833,-1.8454302387899666,-4.177423465320633
5.380663355e-06,-0.0494384673,-8.686127966355848,-1.7372255932711698,-4.560601237726942
5.381587555e-06,-0.04852293995,-7.874593116100752,-1.5749186232201504,-4.673266387471819
5.382511756e-06,-0.04791258839,-7.33356988850676,-1.466713977701352,-5.056444159877275
5.383435956e-06,-0.04669188526,-6.251523424454671,-1.2503046848909343,-4.898597695826006
5.384360156e-06,-0.04577635792,-5.439988583063695,-1.087997716612739,-5.011262854435003
5.385284357e-06,-0.04516600635,-4.898965346605585,-0.979793069321117,-5.394440617976341
5.386208557e-06,-0.04425047901,-4.087430505214607,-0.8174861010429215,-5.507105776585337
5.387132758e-06,-0.04302977588,-3.0053840411625123,-0.6010768082325025,-5.349260312533536
5.388056958e-06,-0.04180907276,-1.9233375859745425,-0.38466751719490855,-5.191413857345539
5.388981158e-06,-0.04089354541,-1.11180273571944,-0.22236054714388803,-5.304079007090411
5.389905359e-06,-0.0393676665,0.24075534212964744,0.04815106842592949,-4.875721929241618
5.390829559e-06,-0.03814696338,1.322801797317617,0.2645603594635234,-4.717875474053621
5.39175376e-06,-0.03601073291,3.2163831027606893,0.6432766205521379,-3.7484951686099968
5.39267796e-06,-0.03570555713,3.4868947165576816,0.6973789433115364,-4.402183554812977
5.39360216e-06,-0.03417967822,4.839452794406769,0.9678905588813539,-3.9738254769638632
5.394526361e-06,-0.03265379931,6.192010872255857,1.2384021744511713,-3.545468399115071
5.395450561e-06,-0.03051756884,8.085592177698933,1.6171184355397865,-2.576087093671968
5.396374761e-06,-0.0296020415,8.897127019089908,1.7794254038179818,-2.688752252280965
5.397298962e-06,-0.02807616259,10.249685096938997,2.0499370193877997,-2.2603951744321717
5.398223162e-06,-0.0262451079,11.872754788585075,2.374550957717015,-1.5615254827860656
5.399147363e-06,-0.02563475634,12.41377801617906,2.4827556032358125,-1.9447032551915286
5.400071563e-06,-0.02471922899,13.22531286643416,2.6450625732868325,-2.057368404936402
5.400995763e-06,-0.02319335008,14.577870944283248,2.9155741888566498,-1.6290103270872873
5.401919964e-06,-0.02166747118,15.930429013268212,3.186085802653642,-1.2006532581026192
5.402844164e-06,-0.02075194383,16.741963863523313,3.3483927727046625,-1.313318407847491
5.403768365e-06,-0.02044676805,17.012475477320304,3.402495095464061,-1.9670077940507942
5.404692565e-06,-0.01922606492,18.0945219413724,3.6189043882744802,-1.809161329998671
5.405616765e-06,-0.01831053758,18.90605678276338,3.7812113565526753,-1.9218264886076666
5.406540966e-06,-0.01739501023,19.71759163301848,3.9435183266036957,-2.0344926383528597
5.407465166e-06,-0.01678465867,20.258614860612465,4.051722972122493,-2.4176694107588466
5.408389367e-06,-0.01586913133,21.07014970200344,4.214029940400688,-2.5303355693673195
5.409313567e-06,-0.01617430711,20.79963808820645,4.15992761764129,-3.725047183164284
5.410237767e-06,-0.01525877976,21.61117293846155,4.32223458769231,-3.837712332909156
5.411161968e-06,-0.01525877976,21.61117293846155,4.32223458769231,-4.761913332909451
5.412086168e-06,-0.0146484282,22.152196166055536,4.430439233211107,-5.145090105315438
5.413010369e-06,-0.01403807664,22.69321939364952,4.538643878729904,-5.528267877721749
5.413934569e-06,-0.01281737351,23.775265857701616,4.755053171540324,-5.370421413669626
5.414858769e-06,-0.01190184617,24.586800699092596,4.917360139818519,-5.483086572278621
5.41578297e-06,-0.0112914946,25.127823935550705,5.025564787110142,-5.866264335819959
5.41670717e-06,-0.01159667039,24.857312312889587,4.971462462577918,-7.060975958481051
5.41763137e-06,-0.01007079148,26.209870390738672,5.241974078147735,-6.632617880631936
5.418555571e-06,-0.008850088351,27.291916853904358,5.458383370780872,-6.474772417466547
5.419479771e-06,-0.00854491257,27.56242846858776,5.512485693717553,-7.128460802783116
5.420403972e-06,-0.007019033662,28.914986544664025,5.7829973089328055,-6.700103726707146
5.421328172e-06,-0.005798330536,29.99703300517047,5.999406601034094,-6.542257266200677
5.422252372e-06,-0.00457762741,31.079079465676916,6.2158158931353835,-6.384410805694204
5.423176573e-06,-0.003356924284,32.16112592618335,6.432225185236671,-6.226565345187211
5.424100773e-06,-0.0006103422498,34.59573046294335,6.9191460925886705,-4.7161608084271895
5.425024974e-06,0.0003051850948,35.40726530841182,7.081453061682366,-4.828826962959009
5.425949174e-06,0.002441415565,37.300846614032174,7.460169322806436,-3.8594456573386298
5.426873374e-06,0.003051767129,37.841869845171814,7.568373969034363,-4.242622426198967
5.427797575e-06,0.004882821818,39.464939535931485,7.8929879071862965,-3.5437537354395916
5.428721775e-06,0.006713876507,41.08800922669115,8.21760184533823,-2.844884044679902
5.429645976e-06,0.008239755415,42.440567302767406,8.488113460553482,-2.4165269686039355
5.430570176e-06,0.0100708101,44.063636989981426,8.812727397996285,-1.717657281389893
5.431494376e-06,0.01220704057,45.957218295424504,9.1914436590849,-0.7482759759467886
5.432418577e-06,0.01403809526,47.58028798707058,9.516057597414116,-0.04940728430016006
5.433342777e-06,0.01586914995,49.20335767871666,9.840671535743333,0.6494624073459494
5.434266978e-06,0.0167846773,50.01489252897176,10.002978505794353,0.536796257600753
5.435191178e-06,0.01770020464,50.82642737036274,10.16528547407255,0.4241310989917576
5.436115378e-06,0.01922608355,52.178985448211826,10.435797089642366,0.8524891768408722
5.437039579e-06,0.01983643511,52.72000867580581,10.544001735161162,0.4693114044345607
5.437963779e-06,0.02105713824,53.802055139857906,10.760411027971582,0.6271578684866871
5.438887979e-06,0.02197266558,54.613589981248886,10.922717996249776,0.5144927098776917
5.43981218e-06,0.02227784137,54.88410160391,10.976820320782,-0.13919666746064066
5.44073638e-06,0.02319336871,55.69563644530098,11.139127289060196,-0.2518618260696361
5.441660581e-06,0.02380372027,56.23665967289496,11.247331934578993,-0.6350395984759476
5.442584781e-06,0.0250244234,57.31870613694706,11.463741227389413,-0.4771931344238278
5.443508981e-06,0.02532959918,57.58921775074405,11.51784355014881,-1.1308815206268064
5.444433182e-06,0.02593995074,58.13024097833803,11.626048195667607,-1.5140592930331178
5.445357382e-06,0.02655030231,58.67126421479614,11.73425284295923,-1.897236056574981
5.446281583e-06,0.02624512653,58.400752600999155,11.680150520199831,-3.091948670371417
5.447205783e-06,0.02655030231,58.67126421479614,11.73425284295923,-3.745637056574402
5.448129983e-06,0.02716065387,59.21228744239013,11.842457488478027,-4.128813828980386
5.449054184e-06,0.02777100543,59.75331066998412,11.950662133996824,-4.511991601386697
5.449978384e-06,0.028381357,60.294333906442226,12.058866781288446,-4.89516836492856
5.450902585e-06,0.02899170856,60.835357134036215,12.167071426807244,-5.278346137334865
5.451826785e-06,0.02899170856,60.835357134036215,12.167071426807244,-6.2025461373348385
5.452750985e-06,0.03021241169,61.9174035980883,12.38348071961766,-6.044699673282725
5.453675186e-06,0.03051758747,62.187915211885304,12.437583042377062,-6.6983890594860185
5.454599386e-06,0.03173829059,63.26996166707327,12.653992333414653,-6.540542604298026
5.455523587e-06,0.03295899372,64.35200813112536,12.870401626225071,-6.382697140245387
5.456447787e-06,0.03448487263,65.70456620897444,13.14091324179489,-5.954339062396272
5.457371987e-06,0.03631592732,67.32763590062052,13.465527180124106,-5.25546937075017
5.458296188e-06,0.03723145466,68.13917074201152,13.627834148402302,-5.368135529359473
5.459220388e-06,0.03784180622,68.68019396960548,13.736038793921098,-5.75131230176547
5.460144588e-06,0.03997803669,70.57377527504856,14.114755055009713,-4.781930996322365
5.461068789e-06,0.04119873982,71.65582173910065,14.331164347820131,-4.624085532270573
5.461992989e-06,0.04302979451,73.27889143074673,14.655778286149346,-3.9252158406244706
5.46291719e-06,0.0448608492,74.9019611223928,14.980392224478562,-3.226347148977842
5.46384139e-06,0.04608155232,75.98400757758077,15.196801515516153,-3.0685006937898494
5.46476559e-06,0.04760743123,77.33656565542985,15.467313131085971,-2.640142615940735
5.465689791e-06,0.04882813436,78.41861211948195,15.683722423896391,-2.48229715188893
5.466613991e-06,0.05004883748,79.50065857466993,15.900131714933986,-2.324450696700937
5.467538192e-06,0.05249024374,81.66475150277412,16.332950300554824,-1.0845587685970322
5.468462392e-06,0.0531005953,82.20577473036809,16.44115494607362,-1.467735541003029
5.469386592e-06,0.05462647421,83.55833280821719,16.711666561643437,-1.0393774631539143
5.470310793e-06,0.05554200155,84.36986764960817,16.873973529921635,-1.1520436217623842
5.471234993e-06,0.0564575289,85.18140249986327,17.03628049997265,-1.2647087715072591
5.472159194e-06,0.05767823202,86.26344895505125,17.25268979101025,-1.1068633163195745
5.473083394e-06,0.0579834078,86.53396056884823,17.30679211376965,-1.7605517025225594
5.474007594e-06,0.0579834078,86.53396056884823,17.30679211376965,-2.684751702522533
5.474931795e-06,0.05859375937,87.07498380530635,17.41499676106127,-3.0679294660647174
5.475855995e-06,0.06011963828,88.42754188315543,17.685508376631084,-2.639571388215603
5.476780196e-06,0.06011963828,88.42754188315543,17.685508376631084,-3.5637723882158974
5.477704396e-06,0.06164551718,89.78009995214039,17.95601999042808,-3.135414319230903
5.478628596e-06,0.06225586875,90.3211231885985,18.0642246377197,-3.518591082772766
5.479552797e-06,0.06225586875,90.3211231885985,18.0642246377197,-4.442792082772214
5.480476997e-06,0.06286622031,90.86214641619249,18.172429283238497,-4.8259688551782105
5.481401197e-06,0.06347657187,91.40316964378647,18.280633928757297,-5.209145627584195
5.482325398e-06,0.06347657187,91.40316964378647,18.280633928757297,-6.133346627584489
5.483249598e-06,0.064697275,92.48521610783857,18.497043221567715,-5.975500163532362
5.484173799e-06,0.06530762656,93.02623933543255,18.60524786708651,-6.3586779359386805
5.485097999e-06,0.06683350547,94.37879741328163,18.87575948265633,-5.930319858089566
5.486022199e-06,0.06744385703,94.91982064087563,18.983964128175124,-6.31349663049555
5.4869464e-06,0.0680542086,95.46084387733373,19.092168775466746,-6.696674394036887
5.4878706e-06,0.07049561485,97.6249367965738,19.52498735931476,-5.456781474796795
5.488794801e-06,0.07171631797,98.70698325176177,19.741396650352357,-5.2989360196091235
5.489719001e-06,0.07263184532,99.51851810201687,19.903703620403373,-5.4116011693539985
5.490643201e-06,0.07476807579,101.41209940745995,20.28241988149199,-4.442219863910894
5.491567402e-06,0.0762939547,102.76465748530903,20.552931497061806,-4.0138627860621
5.492491602e-06,0.07720948204,103.57619232670001,20.715238465340004,-4.126527944671096
5.493415803e-06,0.07904053673,105.19926201834609,21.03985240366922,-3.4276592530244674
5.494340003e-06,0.07995606408,106.01079686860118,21.20215937372024,-3.5403244027693423
5.495264203e-06,0.08239747033,108.17488978784125,21.63497795756825,-2.300431483530097
5.496188404e-06,0.08361817345,109.25693624302923,21.851387248605846,-2.142586028341565
5.497112604e-06,0.08605957971,111.42102917113341,22.284205834226686,-0.9026931002373525
5.498036804e-06,0.08728028283,112.50307562632138,22.50061512526428,-0.7448466450493597
5.498961005e-06,0.08880616174,113.85563370417047,22.771126740834095,-0.3164895672005664
5.499885205e-06,0.08972168908,114.66716854556144,22.93343370911229,-0.4291547258095618
5.500809406e-06,0.09124756799,116.01972662341053,23.20394532468211,-0.0007976479607685029
5.501733606e-06,0.09338379846,117.91330792885361,23.582661585770726,0.9685836574823358
5.502657806e-06,0.09368897424,118.1838195426506,23.63676390853012,0.3148952712793507
5.503582007e-06,0.09552002893,119.80688923429668,23.961377846859335,1.0137639629259791
5.504506207e-06,0.0961303805,120.34791247075479,24.06958249415096,0.6305871993841292
5.505430408e-06,0.0976562594,121.70047053973974,24.340094107947948,1.0589442683687758
5.506354608e-06,0.09887696253,122.78251700379184,24.55650340075837,1.2167907324209022
5.507278808e-06,0.09979248987,123.59405184518283,24.718810369036568,1.10412557381192
5.508203009e-06,0.09979248987,123.59405184518283,24.718810369036568,0.17992457381162533
5.509127209e-06,0.1004028414,124.13507504618443,24.827015009236884,-0.20325222518675917
5.51005141e-06,0.1004028414,124.13507504618443,24.827015009236884,-1.1274532251862066
5.51097561e-06,0.101013193,124.67609830923493,24.935219661846986,-1.5106299621356691
5.51189981e-06,0.1013183688,124.94660994076015,24.989321988152035,-2.1643183306104135
5.512824011e-06,0.1016235446,125.21712157228541,25.043424314457084,-2.8180076990854523
5.513748211e-06,0.1022338961,125.75814474669464,25.151628949338928,-3.201184524676198
5.514672412e-06,0.1025390719,126.02865637821986,25.205731275643974,-3.8548738931512636
5.515596612e-06,0.1022338961,125.75814474669464,25.151628949338928,-5.049585524676466
5.516520812e-06,0.1034545993,126.84019127279561,25.368038254559124,-4.8917389985754705
5.517445013e-06,0.103759775,127.11070281567962,25.422140563135926,-5.545428455690919
5.518369213e-06,0.1046753024,127.92223771025532,25.584447542051066,-5.658093561116027
5.519293413e-06,0.1052856539,128.46326088466455,25.692652176932913,-6.041270386706772
5.520217614e-06,0.1065063571,129.54530741076556,25.90906148215311,-5.883424860605224
5.521141814e-06,0.1074218844,130.3568422167,26.071368443340003,-5.9960900546707405
5.522066015e-06,0.108032236,130.8978654797505,26.179573095950097,-6.379267791620551
5.522990215e-06,0.1092529391,131.97991191721022,26.395982383442046,-6.2214213541607855
5.523914415e-06,0.110778818,133.33246998619518,26.666493997239034,-5.793063285175818
5.524838616e-06,0.1116943454,134.1440048807709,26.828800976154184,-5.9057293906003725
5.525762816e-06,0.1138305758,136.0375861241651,27.20751722483302,-4.936348147206151
5.526687017e-06,0.1156616305,137.6606558246753,27.53213116493506,-4.237479446695402
5.527611217e-06,0.1174926852,139.28372552518553,27.856745105037106,-3.538609746185152
5.528535417e-06,0.1187133883,140.36577196264523,28.073154392529048,-3.380763308725413
5.529459618e-06,0.1208496188,142.2593532946807,28.45187065893614,-2.411382976690256
5.530383818e-06,0.1217651461,143.07088810061515,28.61417762012303,-2.5240481707557727
5.531308019e-06,0.1239013766,144.9644694326506,28.99289388653012,-1.5546678387206154
5.532232219e-06,0.124816904,145.77600432722633,29.15520086544527,-1.6673329441448488
5.533156419e-06,0.1266479586,147.39907393909527,29.479814787819056,-0.9684633322758823
5.53408062e-06,0.1287841891,149.2926552711307,29.858531054226145,0.0009169997601220768
5.53500482e-06,0.1300048922,150.37470170859044,30.07494034171809,0.15876343721986086
5.535929021e-06,0.130310068,150.6452133401157,30.12904266802314,-0.49492593125517825
5.536853221e-06,0.1324462985,152.53879467215114,30.507758934430232,0.47445540078030035
5.537777421e-06,0.1330566501,153.07981793520162,30.615963587040326,0.0912786638308115
5.538701622e-06,0.1342773532,154.16186437266134,30.83237287453227,0.249124101290229
5.539625822e-06,0.1354980563,155.24391081012106,31.048782162024214,0.4069705387499678
5.540550022e-06,0.1354980563,155.24391081012106,31.048782162024214,-0.5172294612500055
5.541474223e-06,0.1361084079,155.78493407317157,31.156986814634315,-0.9004071981997892
5.542398423e-06,0.1379394626,157.40800377368177,31.481600754736355,-0.201537497689566
5.543322624e-06,0.1388549899,158.21953857961626,31.64390771592325,-0.31420369175453045
5.544246824e-06,0.1394653415,158.76056184266673,31.75211236853335,-0.6973804287040193
5.545171024e-06,0.1406860446,159.84260828012643,31.96852165602529,-0.5395339912442805
5.546095225e-06,0.140075693,159.30158501707595,31.86031700341519,-2.0047582542950595
5.547019425e-06,0.1409912204,160.11311991165167,32.02262398233034,-2.1174233597193193
5.547943626e-06,0.1412963962,160.38363154317693,32.076726308635386,-2.7711127281943586
5.548867826e-06,0.1412963962,160.38363154317693,32.076726308635386,-3.695312728194332
5.549792026e-06,0.1428222751,161.7361896121619,32.34723792243238,-3.2669546592093375
5.550716227e-06,0.1428222751,161.7361896121619,32.34723792243238,-4.1911556592087855
5.551640427e-06,0.1437378024,162.54772441809638,32.50954488361928,-4.303820853274275
5.552564628e-06,0.1449585055,163.62977085555607,32.72595417111122,-4.145975415814858
5.553488828e-06,0.1452636813,163.9002824870813,32.78005649741626,-4.799663784289602
5.554413028e-06,0.147094736,165.52335218759154,33.10467043751831,-4.100794083779353
5.555337229e-06,0.1480102634,166.33488708216726,33.26697741643345,-4.213460189203934
5.556261429e-06,0.1492309665,167.41693351962695,33.4833867039254,-4.055613751744195
5.55718563e-06,0.1510620212,169.04000322013718,33.80800064402744,-3.3567450512334194
5.55810983e-06,0.151367197,169.31051485166242,33.86210297033249,-4.010433419708164
5.55903403e-06,0.1535034274,171.2040960950566,34.24081921901132,-3.0410521763139418
5.559958231e-06,0.1556396579,173.09767742709207,34.61953548541841,-2.0716718442787845
5.560882431e-06,0.1565551852,173.90921223302655,34.78184244660531,-2.1843370383442746
5.561806631e-06,0.1577758884,174.9912587591275,34.9982517518255,-2.0264905122432793
5.562730832e-06,0.1593017673,176.3438168281125,35.2687633656225,-1.5981334432586063
5.563655032e-06,0.1602172946,177.15535163404698,35.4310703268094,-1.7107986373240964
5.564579233e-06,0.1620483493,178.77842133455715,35.75568426691144,-1.0119299368141945
5.565503433e-06,0.1629638767,179.58995622913287,35.91799124582658,-1.1245950422384543
5.566427633e-06,0.1641845798,180.67200266659262,36.13440053331853,-0.9667486047786892
5.567351834e-06,0.1657104587,182.02456073557758,36.40491214711552,-0.5383915357931691
5.568276034e-06,0.1672363376,183.3771188045625,36.67542376091251,-0.11003346680820142
5.569200235e-06,0.1678466892,183.91814206761302,36.78362841352261,-0.4932112037580116
5.570124435e-06,0.1687622165,184.7296768735475,36.94593537470951,-0.6058763978235018
5.571048635e-06,0.1699829196,185.8117233110072,37.16234466220144,-0.44802996036376297
5.571972836e-06,0.1702880954,186.08223494253247,37.21644698850649,-1.101719328838802
5.572897036e-06,0.1724243259,187.9758162745679,37.59516325491358,-0.13233799680332348
5.573821237e-06,0.1724243259,187.9758162745679,37.59516325491358,-1.056538996802771
5.574745437e-06,0.1727295017,188.24632790609314,37.649265581218636,-1.7102273652775153
5.575669637e-06,0.173645029,189.05786271202763,37.81157254240553,-1.8228925593430054
5.576593838e-06,0.1742553806,189.5988859750781,37.91977719501562,-2.2060702962928156
5.577518038e-06,0.1748657321,190.13990914948732,38.02798182989747,-2.5892471218835613
5.578442239e-06,0.1751709079,190.4104207810126,38.08208415620252,-3.2429364903586
5.579366439e-06,0.1754760837,190.68093241253783,38.13618648250757,-3.8966248588333445
5.580290639e-06,0.1757812595,190.95144404406307,38.19028880881262,-4.550313227308062
5.58121484e-06,0.1766967868,191.76297884999755,38.35259576999952,-4.662979421373027
5.58213904e-06,0.1782226657,193.11553691898249,38.6231073837965,-4.234621352388059
5.58306324e-06,0.1782226657,193.11553691898249,38.6231073837965,-5.158821352388032
5.583987441e-06,0.1791381931,193.92707181355823,38.78541436271165,-5.271487457812587
5.584911641e-06,0.1800537204,194.7386066194927,38.94772132389855,-5.384152651878077
5.585835842e-06,0.1815795993,196.09116468847768,39.21823293769554,-4.955795582893405
5.586760042e-06,0.1818847751,196.3616763200029,39.27233526400059,-5.609483951368149
5.587684242e-06,0.1831054782,197.44372275746264,39.48874455149252,-5.45163751390841
5.588608443e-06,0.1846313571,198.7962808264476,39.75925616528952,-5.023280444923737
5.589532643e-06,0.1864624118,200.4193505269578,40.08387010539156,-4.324410744413514
5.590456844e-06,0.187683115,201.50139705305878,40.30027941061176,-4.166565218311966
5.591381044e-06,0.1889038181,202.5834434905185,40.5166886981037,-4.008718780852227
5.592305244e-06,0.1907348728,204.2065131910287,40.84130263820574,-3.309849080342004
5.593229445e-06,0.1928711032,206.10009443442289,41.22001888688458,-2.3404688369481037
5.594153645e-06,0.1940918064,207.18214096052387,41.43642819210478,-2.182622310847108
5.595077846e-06,0.1962280368,209.07572220391805,41.81514444078361,-1.2132420674532074
5.596002046e-06,0.19744874,210.15776873001903,42.03155374600381,-1.0553955413522118
5.596926246e-06,0.1986694431,211.23981516747875,42.24796303349575,-0.8975491038924467
5.597850447e-06,0.200195322,212.59237323646371,42.51847464729274,-0.4691920349069531
5.598774647e-06,0.2017212009,213.94493130544868,42.78898626108973,-0.0408339659219589
5.599698848e-06,0.2035522556,215.5680010059589,43.11360020119178,0.6580347345879695
5.600623048e-06,0.2047729587,216.6500474434186,43.33000948868373,0.8158811720477083
5.601547248e-06,0.2066040134,218.2731171439288,43.65462342878576,1.5147508725579315
5.602471449e-06,0.2078247165,219.35516358138852,43.87103271627771,1.6725963100173489
5.603395649e-06,0.2087402439,220.16669847596427,44.03333969519286,1.5599312045931155
5.604319849e-06,0.2093505954,220.7077216503735,44.141544330074694,1.1767543790023698
5.60524405e-06,0.2096557712,220.97823328189875,44.19564665637975,0.5230650105281778
5.60616825e-06,0.2105712986,221.78976817647444,44.3579536352949,0.41039990510391794
5.607092451e-06,0.2114868259,222.60130298240892,44.52026059648179,0.2977337110381064
5.608016651e-06,0.2124023533,223.41283787698467,44.68256757539694,0.185068605613873
5.608940851e-06,0.2117920017,222.8718146139342,44.57436292278684,-1.2801546574365847
5.609865052e-06,0.212707529,223.68334941986865,44.73666988397373,-1.3928208515024227
5.610789252e-06,0.2130127048,223.95386105139391,44.79077221027878,-2.0465092199771404
5.611713453e-06,0.2136230564,224.4948843144444,44.89897686288888,-2.429686956926951
5.612637653e-06,0.2139282322,224.76539594596963,44.95307918919393,-3.083375325401695
5.613561853e-06,0.2136230564,224.4948843144444,44.89897686288888,-4.278086956926897
5.614486054e-06,0.2139282322,224.76539594596963,44.95307918919393,-4.931776325401116
5.615410254e-06,0.2145385837,225.30641912037888,45.06128382407578,-5.314953150991835
5.616334455e-06,0.2154541111,226.1179540149546,45.22359080299092,-5.427619256416416
5.617258655e-06,0.2166748142,227.20000045241432,45.44000009048287,-5.269772818956651
5.618182855e-06,0.2163696384,226.92948882088908,45.38589776417781,-6.46448445048188
5.619107056e-06,0.21697999,227.47051208393955,45.49410241678791,-6.847662187431689
5.620031256e-06,0.2182006931,228.55255852139928,45.71051170427985,-6.689815749971951
5.620955457e-06,0.219726572,229.90511659038424,45.98102331807685,-6.261458680986431
5.621879657e-06,0.2206420994,230.71665148495998,46.143330296992,-6.374123786410665
5.622803857e-06,0.2224731541,232.33972118547015,46.46794423709404,-5.675254085900441
5.623728058e-06,0.2230835056,232.8807443598794,46.57614887197588,-6.058431911491508
5.624652258e-06,0.2252197361,234.77432569191484,46.95486513838298,-5.089050579456029
5.625576458e-06,0.226745615,236.1268837608998,47.22537675217996,-4.660692510471035
5.626500659e-06,0.2285766697,237.74995346141,47.549990692282,-3.961823809961133
5.627424859e-06,0.2297973728,238.83199989886975,47.76639997977395,-3.803977372501368
5.62834906e-06,0.2322387791,240.99609286243043,48.19921857248609,-2.5640854089401346
5.62927326e-06,0.233764658,242.3486509314154,48.46973018628308,-2.1357273399551406
5.63019746e-06,0.2352905369,243.70120900040035,48.74024180008008,-1.7073692709701462
5.631121661e-06,0.23651124,244.78325543786008,48.95665108757202,-1.5495238335107289
5.632045861e-06,0.2380371189,246.13581350684504,49.22716270136901,-1.1211657645257345
5.632970062e-06,0.2398681736,247.7588832073552,49.55177664147105,-0.4222970640158591
5.633894262e-06,0.2407837009,248.57041801328972,49.71408360265795,-0.5349622580813228
5.634818462e-06,0.2429199314,250.46399934532516,50.09279986906503,0.4344190739541293
5.635742663e-06,0.243530283,251.00502260837567,50.20100452167513,0.051241337004345654
5.636666863e-06,0.2441406345,251.54604578278486,50.309209156556975,-0.33193548858642646
5.637591064e-06,0.2465820408,253.7101387463456,50.74202774926912,0.9079564749748599
5.638515264e-06,0.2481079197,255.0626968153305,51.012539363066104,1.3363145439598012
5.639439464e-06,0.2481079197,255.0626968153305,51.012539363066104,0.41211454395982783
5.640363665e-06,0.2502441502,256.956278147366,51.3912556294732,1.3814948759950116
5.641287865e-06,0.250549326,257.22678977889126,51.445357955778256,0.7278065075202939
5.642212065e-06,0.2508545017,257.4973013217752,51.499460264355044,0.07411805040426628
5.643136266e-06,0.2517700291,258.308836216351,51.6617672432702,-0.03854805502026195
5.644060466e-06,0.2523803806,258.8498593907602,51.769971878152035,-0.4217248806110341
5.644984667e-06,0.2517700291,258.308836216351,51.6617672432702,-1.8869490550196828
5.645908867e-06,0.2526855564,259.12037102228544,51.824074204457084,-1.9996142490851994
5.646833067e-06,0.253295908,259.6613942853359,51.93227885706718,-2.382790986034662
5.647757268e-06,0.2529907322,259.39088265381065,51.87817653076213,-3.577503617560212
5.648681468e-06,0.2545166111,260.74344072279564,52.14868814455913,-3.1491455485752176
5.649605669e-06,0.2548217869,261.0139523543209,52.20279047086418,-3.802834917050257
5.650529869e-06,0.2548217869,261.0139523543209,52.20279047086418,-4.72703491705023
5.651454069e-06,0.25604249,262.09599879178063,52.41919975835612,-4.569188479590491
5.65237827e-06,0.2563476658,262.3665104233058,52.473302084661164,-5.222877848064736
5.65330247e-06,0.2566528416,262.63702205483105,52.52740441096621,-5.876566216539454
5.654226671e-06,0.2581787205,263.98958012381604,52.797916024763204,-5.448209147554781
5.655150871e-06,0.2593994236,265.07162656127576,53.01432531225515,-5.290362710095042
5.656075071e-06,0.2606201267,266.15367299873543,53.230734599747095,-5.1325162726353035
5.656999272e-06,0.2618408299,267.23571952483644,53.447143904967284,-4.974670746534629
5.657923472e-06,0.2633667088,268.5882775938214,53.71765551876428,-4.546312677549635
5.658847673e-06,0.2651977635,270.21134729433163,54.04226945886633,-3.8474439770397066
5.659771873e-06,0.2661132908,271.0228821002661,54.20457642005322,-3.9601091711052234
5.660696073e-06,0.2670288182,271.83441699484183,54.36688339896837,-4.07277427652943
5.661620274e-06,0.2691650486,273.727998238236,54.745599647647204,-3.1033940331347094
5.662544474e-06,0.2706909275,275.08055630722095,55.016111261444195,-2.675035964149715
5.663468674e-06,0.2719116307,276.16260283332196,55.23252056666439,-2.5171894380487196
5.664392875e-06,0.272827158,276.9741376392564,55.394827527851284,-2.629855632114557
5.665317075e-06,0.2752685643,279.13823060281715,55.82764612056343,-1.389962668553797
5.666241276e-06,0.2761840916,279.9497654087516,55.98995308175032,-1.5026288626196347
5.667165476e-06,0.2774047947,281.0318118462113,56.206362369242264,-1.344782425159896
5.668089676e-06,0.2792358494,282.6548815467215,56.530976309344304,-0.6459127246496463
5.669013877e-06,0.279846201,283.195904809772,56.6391809619544,-1.0290904615986358
5.669938077e-06,0.2810669041,284.2779512472317,56.85559024944635,-0.8712440241388442
5.670862278e-06,0.2832031346,286.1715325792672,57.23430651585343,0.0981363078962867
5.671786478e-06,0.2832031346,286.1715325792672,57.23430651585343,-0.8260636921036866
5.672710678e-06,0.2847290135,287.5240906482521,57.50481812965043,-0.3977056231186924
5.673634879e-06,0.2850341893,287.7946022797774,57.55892045595548,-1.0513949915937315
5.674559079e-06,0.2859497166,288.60613708571185,57.72122741714237,-1.164060185659248
5.67548328e-06,0.2865600682,289.1471603487624,57.82943206975248,-1.5472379226081847
5.67640748e-06,0.2871704197,289.6881835231716,57.937636704634315,-1.9304147481989569
5.67733168e-06,0.2880859471,290.49971841774726,58.099943683549455,-2.043079853624064
5.678255881e-06,0.2880859471,290.49971841774726,58.099943683549455,-2.9672808536235116
5.679180081e-06,0.2893066502,291.58176485520704,58.31635297104141,-2.8094344161637195
5.680104282e-06,0.2899170018,292.1227881182575,58.4245576236515,-3.192612153113556
5.681028482e-06,0.2899170018,292.1227881182575,58.4245576236515,-4.116812153113529
5.681952682e-06,0.289611826,291.85227648673225,58.37045529734645,-5.311523784638759
5.682876883e-06,0.2911377049,293.2048345557172,58.640966911143444,-4.883166715654085
5.683801083e-06,0.2917480565,293.7458578187677,58.74917156375355,-5.2663434526035475
5.684725283e-06,0.2929687596,294.82790425622744,58.96558085124549,-5.108497015143809
5.685649484e-06,0.2938842869,295.6394390621619,59.12788781243238,-5.2211632092088
5.686573684e-06,0.2957153416,297.2625087626721,59.452501752534424,-4.52229350869855
5.687497885e-06,0.2963256932,297.8035320257226,59.56070640514452,-4.905471245648386
5.688422085e-06,0.296630869,298.07404365724784,59.61480873144957,-5.5591596141231046
5.689346285e-06,0.299377451,300.5086481636925,60.10172963273851,-4.0487551076783985
5.690270486e-06,0.2996826268,300.77915979521777,60.15583195904356,-4.702444476153437
5.691194686e-06,0.3018188573,302.6727411272532,60.534548225450635,-3.7330631441179856
5.692118887e-06,0.3030395604,303.75478756471296,60.75095751294259,-3.575217706657668
5.693043087e-06,0.3042602635,304.8368340021727,60.96736680043454,-3.417371269197929
5.693967287e-06,0.3057861424,306.1893920711576,61.237878414231524,-2.989013200212935
5.694891488e-06,0.3076171971,307.8124617716678,61.562492354333564,-2.2901444997030596
5.695815688e-06,0.309143076,309.16501984065275,61.833003968130555,-1.8617864307180652
5.696739889e-06,0.3109741307,310.788089541163,62.15761790823261,-1.1629177302081368
5.697664089e-06,0.3128051854,312.41115924167315,62.482231848334635,-0.46404802969794007
5.698588289e-06,0.3143310643,313.76371731065814,62.75274346213163,-0.03568996071294587
5.69951249e-06,0.3152465916,314.57525211659265,62.91505042331853,-0.14835615477788383
5.70043669e-06,0.3155517674,314.84576374811786,62.96915274962357,-0.8020445232535016
5.701360891e-06,0.3164672948,315.6572986426936,63.13145972853872,-0.9147106286771829
5.702285091e-06,0.3186035252,317.5508798860878,63.510175977217564,0.054670614717012546
5.703209291e-06,0.3201294041,318.9034379550727,63.78068759101455,0.48302868370200674
5.704133492e-06,0.3210449315,319.71497284964846,63.94299456992969,0.3703625782774256
5.705057692e-06,0.3213501073,319.9854844811737,63.99709689623474,-0.28332579019729226
5.705981892e-06,0.3222656346,320.79701928710824,64.15940385742165,-0.395990984262756
5.706906093e-06,0.3234863377,321.8790657245679,64.3758131449136,-0.23814554680333846
5.707830293e-06,0.3240966893,322.4200889876184,64.48401779752368,-0.6213222837528538
5.708754494e-06,0.3244018651,322.69060061914365,64.53812012382873,-1.2750116522270458
5.709678694e-06,0.3240966893,322.4200889876184,64.48401779752368,-2.4697232837522747
5.710602894e-06,0.3247070409,322.9611122506689,64.59222245013378,-2.852900020701737
5.711527095e-06,0.325927744,324.04315868812864,64.80863173762573,-2.6950545832423196
5.712451295e-06,0.3256225682,323.7726470566034,64.75452941132068,-3.8897662147675485
5.713375496e-06,0.325927744,324.04315868812864,64.80863173762573,-4.543455583242587
5.714299696e-06,0.325927744,324.04315868812864,64.80863173762573,-5.467655583242561
5.715223896e-06,0.3262329198,324.31367031965385,64.86273406393079,-6.121343951717279
5.716148097e-06,0.3268432713,324.8546934940631,64.97093869881262,-6.504521777307525
5.717072297e-06,0.3283691502,326.20725156304803,65.2414503126096,-6.076163708322531
5.717996498e-06,0.328674326,326.4777631945733,65.29555263891466,-6.7298530767975695
5.718920698e-06,0.3298950292,327.55980972067425,65.51196194413487,-6.572006550696575
5.719844898e-06,0.3311157323,328.641856158134,65.7283712316268,-6.414160113236836
5.720769099e-06,0.3314209081,328.91236778965924,65.78247355793185,-7.067849481711875
5.721693299e-06,0.332946787,330.2649258586442,66.05298517172884,-6.639491412726881
5.7226175e-06,0.3335571385,330.8059490330534,66.16118980661068,-7.0226692383171265
5.7235417e-06,0.3347778417,331.8879955591544,66.37759911183088,-6.864822712216978
5.7244659e-06,0.3372192479,334.0520884340738,66.81041768681477,-5.624929837297475
5.725390101e-06,0.3390503026,335.675158134584,67.1350316269168,-4.9260611367867515
5.726314301e-06,0.3402710057,336.7572045720438,67.35144091440876,-4.76821469932696
5.727238501e-06,0.3414917089,337.83925109814476,67.56785021962895,-4.6103681732259645
5.728162702e-06,0.3433227635,339.46232071001367,67.89246414200274,-3.911499561357346
5.729086902e-06,0.3439331151,340.00334397306415,68.00066879461284,-4.2946762983068085
5.730011103e-06,0.3460693456,341.8969253050996,68.37938506101992,-3.3252959662716775
5.730935303e-06,0.3475952245,343.24948337408455,68.64989667481692,-2.896937897286683
5.731859503e-06,0.3503418065,345.68408788052926,69.13681757610586,-1.386533390841977
5.732783704e-06,0.3506469823,345.95459951205453,69.1909199024109,-2.040222759316169
5.733707904e-06,0.352478037,347.57766921256473,69.51553384251295,-1.3413530588059195
5.734632105e-06,0.3536987401,348.65971565002445,69.7319431300049,-1.183507621346502
5.735556305e-06,0.3555297948,350.2827853505346,70.05655707010693,-0.4846379208363052
5.736480505e-06,0.3564453221,351.0943201564691,70.21886403129383,-0.5973031149017689
5.737404706e-06,0.3573608495,351.90585505104485,70.38117101020897,-0.70996922032635
5.738328906e-06,0.3576660253,352.17636668257006,70.43527333651402,-1.363657588801068
5.739253107e-06,0.3591919042,353.52892475155505,70.70578495031101,-0.935300519815548
5.740177307e-06,0.3591919042,353.52892475155505,70.70578495031101,-1.8595005198155212
5.741101507e-06,0.3610229589,355.1519944520652,71.03039889041305,-1.1606308193053245
5.742025708e-06,0.3613281346,355.42250599494923,71.08450119898984,-1.8143202764216204
5.742949908e-06,0.3625488378,356.5045525210502,71.30091050421004,-1.6564737503206248
5.743874109e-06,0.3628540136,356.77506415257545,71.3550128305151,-2.310163118795664
5.744798309e-06,0.3625488378,356.5045525210502,71.30091050421004,-3.5048747503208926
5.745722509e-06,0.3628540136,356.77506415257545,71.3550128305151,-4.158563118795611
5.74664671e-06,0.3634643651,357.3160873269847,71.46321746539695,-4.541740944386651
5.74757091e-06,0.3640747167,357.8571105900352,71.57142211800704,-4.924917681336166
5.74849511e-06,0.3643798925,358.1276222215604,71.62552444431209,-5.578606049810884
5.749419311e-06,0.3652954198,358.93915702749484,71.78783140549898,-5.691272243875875
5.750343511e-06,0.3659057714,359.4801802905454,71.89603605810908,-6.074448980825338
5.751267712e-06,0.3668212987,360.29171509647983,72.05834301929598,-6.187115174891176
5.752191912e-06,0.3674316503,360.83273835953037,72.16654767190607,-6.570291911840638
5.753116112e-06,0.3686523534,361.91478479699003,72.38295695939802,-6.412445474380899
5.754040313e-06,0.3704834081,363.5378544975003,72.70757089950007,-5.713576773870971
5.754964513e-06,0.3707885839,363.8083661290255,72.76167322580511,-6.367265142345741
5.755888714e-06,0.3732299901,365.97245900394495,73.194491800789,-5.127373267425712
5.756812914e-06,0.3735351659,366.24297063547016,73.24859412709404,-5.781061635900483
5.757737114e-06,0.3753662206,367.8660403359804,73.57320806719608,-5.082191935390233
5.758661315e-06,0.3771972753,369.4891100364906,73.89782200729812,-4.383323234880304
5.759585515e-06,0.3787231542,370.8416681054756,74.16833362109513,-3.9549651658953104
5.760509716e-06,0.3796386815,371.65320291141006,74.33064058228202,-4.067631359961148
5.761433916e-06,0.3811645604,373.005760980395,74.60115219607901,-3.639273290976154
5.762358116e-06,0.3826904394,374.3583191380212,74.87166382760425,-3.210915133349903
5.763282317e-06,0.3848266698,376.2519003814154,75.2503800762831,-2.241534889955182
5.764206517e-06,0.3866577245,377.8749700819256,75.57499401638513,-1.5426651894449324
5.765130717e-06,0.3875732519,378.68650497650134,75.73730099530027,-1.6553302948691921
5.766054918e-06,0.3890991308,380.0390630454863,76.00781260909727,-1.2269732258845192
5.766979118e-06,0.3909301855,381.66213274599653,76.33242654919931,-0.5281035253742696
5.767903319e-06,0.391540537,382.2031559204057,76.44063118408114,-0.911281350965363
5.768827519e-06,0.3930664159,383.5557139893907,76.71114279787815,-0.48292328198036877
5.769751719e-06,0.3942871191,384.63776051549166,76.92755210309834,-0.32507675587937324
5.77067592e-06,0.3955078222,385.7198069529514,77.14396139059028,-0.16723131841995573
5.77160012e-06,0.3964233495,386.5313417588859,77.30626835177719,-0.27989651248541947
5.772524321e-06,0.3967285253,386.8018533904111,77.36037067808223,-0.9335858809596115
5.773448521e-06,0.3973388769,387.3428766534616,77.46857533069233,-1.316762617909127
5.774372721e-06,0.39855958,388.4249230909213,77.68498461818426,-1.1589161804493882
5.775296922e-06,0.3988647558,388.6954347224466,77.73908694448932,-1.8126055489244273
5.776221122e-06,0.3994751073,389.2364578968558,77.84729157937116,-2.1957823745151464
5.777145323e-06,0.4000854589,389.7774811599063,77.95549623198127,-2.578960111464983
5.778069523e-06,0.3997802831,389.50696952838103,77.90139390567622,-3.773671742990212
5.778993723e-06,0.4000854589,389.7774811599063,77.95549623198127,-4.42736011146493
5.779917924e-06,0.4003906347,390.0479927914315,78.00959855828631,-5.0810494799391215
5.780842124e-06,0.4003906347,390.0479927914315,78.00959855828631,-6.005249479939095
5.781766325e-06,0.4016113378,391.13003922889123,78.22600784577826,-5.847404042479678
5.782690525e-06,0.4019165136,391.4005508604165,78.28011017208331,-6.501092410954396
5.783614725e-06,0.4025268652,391.9415741234669,78.38831482469338,-6.8842691479039635
5.784538926e-06,0.4031372167,392.4825972978762,78.49651945957524,-7.267446973494951
5.785463126e-06,0.4037475683,393.02362056092664,78.60472411218534,-7.650623710444466
5.786387326e-06,0.4043579198,393.56464373533595,78.7129287470672,-8.033800536035185
5.787311527e-06,0.4052734472,394.37617862991164,78.87523572598234,-8.14646664145892
5.788235727e-06,0.4061889745,395.18771343584615,79.03754268716924,-8.259131835524384
5.789159928e-06,0.408325205,397.08129476788156,79.41625895357632,-7.289751503489253
5.790084128e-06,0.4089355566,397.6223180309321,79.52446360618643,-7.672928240438715
5.791008328e-06,0.4104614355,398.974876099917,79.79497521998341,-7.244570171453721
5.791932529e-06,0.4122924902,400.59794580042717,80.11958916008544,-6.545701470943898
5.792856729e-06,0.4141235449,402.22101550093737,80.44420310018748,-5.846831770433648
5.79378093e-06,0.415344248,403.30306193839715,80.66061238767944,-5.688986332974178
5.79470513e-06,0.4171753027,404.92613163890735,80.98522632778146,-4.990116632463981
5.79562933e-06,0.4187011816,406.27868970789234,81.25573794157847,-4.561758563478934
5.796553531e-06,0.4205322363,407.9017594084025,81.5803518816805,-3.862889862968265
5.797477731e-06,0.4220581152,409.2543174773874,81.8508634954775,-3.4345317939832705
5.798401932e-06,0.4232788183,410.3363639148472,82.06727278296945,-3.2766863565238
5.799326132e-06,0.4248046972,411.6889219838322,82.33778439676644,-2.8483282875388056
5.800250332e-06,0.4266357519,413.3119916843424,82.66239833686849,-2.149458587028556
5.801174533e-06,0.4275512792,414.12352649027684,82.82470529805538,-2.262124781094394
5.802098733e-06,0.4293823339,415.74659619078705,83.14931923815742,-1.5632550805841445
5.803022934e-06,0.4302978613,416.55813108536273,83.31162621707256,-1.6759211860079315
5.803947134e-06,0.4309082128,417.09915425977204,83.41983085195442,-2.0590980115985977
5.804871334e-06,0.4324340917,418.451712328757,83.6903424657514,-1.6307399426136036
5.805795535e-06,0.4333496191,419.2632472233327,83.85264944466654,-1.7434060480381848
5.806719735e-06,0.4339599707,419.8042704863832,83.96085409727665,-2.1265827849877
5.807643935e-06,0.4354858496,421.15682855536807,84.23136571107362,-1.6982247160027588
5.808568136e-06,0.4360962011,421.69785172977737,84.33957034595548,-2.081402541593746
5.809492336e-06,0.4357910253,421.42734009825216,84.28546801965042,-3.276114173118975
5.810416537e-06,0.43762208,423.05040979876236,84.61008195975248,-2.5772454726081997
5.811340737e-06,0.4379272558,423.3209214302876,84.66418428605753,-3.2309338410829174
5.812264937e-06,0.4379272558,423.3209214302876,84.66418428605753,-4.155133841083738
5.813189138e-06,0.43762208,423.05040979876236,84.61008195975248,-5.349846472608441
5.814113338e-06,0.43762208,423.05040979876236,84.61008195975248,-6.274046472608414
5.815037539e-06,0.4379272558,423.3209214302876,84.66418428605753,-6.927735841083453
5.815961739e-06,0.4394531347,424.67347949927256,84.93469589985452,-6.499377772098459
5.816885939e-06,0.4394531347,424.67347949927256,84.93469589985452,-7.423577772098432
5.81781014e-06,0.4403686621,425.48501439384825,85.09700287876964,-7.5362438775230665
5.81873434e-06,0.4409790136,426.0260375682575,85.20520751365152,-7.9194207031137855
5.819658541e-06,0.4421997168,427.10808409435845,85.4216168188717,-7.761575177012264
5.820582741e-06,0.4415893652,426.56706083130797,85.3134121662616,-9.226798440062748
5.821506941e-06,0.4431152441,427.91961890029296,85.5839237800586,-8.798440371077701
5.822431142e-06,0.4449462988,429.54268860080316,85.90853772016064,-8.099571670567826
5.823355342e-06,0.4458618261,430.3542234067377,86.07084468134754,-8.21223686463329
5.824279543e-06,0.447387705,431.7067814757226,86.34135629514452,-7.783879795648616
5.825203743e-06,0.4486084082,432.78882800182356,86.55776560036472,-7.626033269547674
5.826127943e-06,0.4501342871,434.1413860708085,86.8282772141617,-7.19767520056268
5.827052144e-06,0.4513549902,435.2234325082682,87.04468650165364,-7.039829763102415
5.827976344e-06,0.4531860449,436.8465022087784,87.3693004417557,-6.340960062592165
5.828900544e-06,0.4550170996,438.4695719092886,87.69391438185772,-5.6420903620819685
5.829824745e-06,0.4562378027,439.55161834674834,87.91032366934968,-5.484244924622551
5.830748945e-06,0.4577636816,440.90417641573333,88.18083528314668,-5.055886855637504
5.831673146e-06,0.4592895605,442.2567344847183,88.45134689694366,-4.627529786652831
5.832597346e-06,0.4608154394,443.6092925537033,88.72185851074067,-4.199171717667784
5.833521546e-06,0.4617309668,444.42082744827894,88.88416548965579,-4.3118368230921496
5.834445747e-06,0.4635620215,446.04389714878914,89.20877942975784,-3.6129681225813743
5.835369947e-06,0.4638671972,446.3144086916733,89.26288173833466,-4.266656579697243
5.836294148e-06,0.4653930762,447.6669668492994,89.53339336985988,-3.8382994220714193
5.837218348e-06,0.4669189551,449.01952491828433,89.80390498365686,-3.409941353086425
5.838142548e-06,0.4672241308,449.2900364611684,89.85800729223368,-4.063629810202347
5.839066749e-06,0.4687500097,450.64259453015336,90.12851890603068,-3.635272741217674
5.839990949e-06,0.4687500097,450.64259453015336,90.12851890603068,-4.559472741217647
5.84091515e-06,0.4699707129,451.72464105625426,90.34492821125085,-4.401627215117078
5.84183935e-06,0.4702758887,451.99515268777947,90.3990305375559,-5.0553155835917964
5.84276355e-06,0.4705810644,452.2656642306636,90.45313284613272,-5.709004040707665
5.843687751e-06,0.471191416,452.806687493714,90.56133749874282,-6.092181777656708
5.844611951e-06,0.4718017676,453.34771075676446,90.6695421513529,-6.475358514606223
5.845536152e-06,0.4724121191,453.8887339311738,90.77774678623477,-6.8585363401971575
5.846460352e-06,0.4730224707,454.4297571942242,90.88595143884484,-7.241713077146779
5.847384552e-06,0.4733276465,454.70026882574945,90.94005376514988,-7.895401445621497
5.848308753e-06,0.4745483496,455.7823152632091,91.15646305264184,-7.73755600816208
5.849232953e-06,0.4748535254,456.0528268947344,91.2105653789469,-8.391244376636797
5.850157153e-06,0.4751587012,456.32333852625965,91.26466770525194,-9.044932745111515
5.851081354e-06,0.4760742285,457.1348733321941,91.42697466643882,-9.157598939176506
5.852005554e-06,0.4772949316,458.21691976965394,91.6433839539308,-8.999752501716662
5.852929755e-06,0.478210459,459.0284546642295,91.80569093284592,-9.112418607141349
5.853853955e-06,0.4797363379,460.3810127332145,92.0762025466429,-8.684060538156354
5.854778155e-06,0.4806518652,461.192547539149,92.2385095078298,-8.796725732221818
5.855702356e-06,0.4812622168,461.73357080219944,92.34671416043989,-9.179903469171654
5.856626556e-06,0.4833984473,463.62715213423496,92.725430426847,-8.210522137136149
5.857550757e-06,0.4849243262,464.9797102032199,92.99594204064398,-7.782165068150629
5.858474957e-06,0.4858398535,465.79124500915435,93.15824900183088,-7.894830262216146
5.859399157e-06,0.4873657324,467.14380307813934,93.42876061562787,-7.466472193231999
5.860323358e-06,0.4895019629,469.03738441017475,93.80747688203496,-6.4970918611960204
5.861247558e-06,0.4904174902,469.84891921610927,93.96978384322186,-6.609757055261484
5.862171759e-06,0.4925537207,471.7425005481447,94.34850010962894,-5.640376723226353
5.863095959e-06,0.4940795996,473.09505861712967,94.61901172342594,-5.212018654241359
5.864020159e-06,0.4956054785,474.44761668611466,94.88952333722293,-4.783660585256365
5.86494436e-06,0.497741709,476.34119801815007,95.26823960363002,-3.8142802532212343
5.86586856e-06,0.4992675879,477.693756087135,95.538751217427,-3.38592218423624
5.866792761e-06,0.5007934668,479.0463141561201,95.80926283122402,-2.957565115250614
5.867716961e-06,0.5017089942,479.8578490506958,95.97156981013916,-3.070230220674874
5.868641161e-06,0.5029296973,480.93989548815557,96.18797909763113,-2.9123837832150823
5.869565362e-06,0.5035400488,481.4809186625647,96.29618373251294,-3.2955616088062287
5.870489562e-06,0.5044555762,482.29245355714056,96.45849071142811,-3.408226714230383
5.871413762e-06,0.5053711035,483.103988363075,96.620797672615,-3.5208919082958996
5.872337963e-06,0.5062866309,483.9155232576507,96.78310465153015,-3.6335580137204806
5.873262163e-06,0.5065918067,484.1860348891759,96.8372069778352,-4.287246382195251
5.874186364e-06,0.5078125098,485.2680813266357,97.05361626532714,-4.129400944734934
5.875110564e-06,0.5084228613,485.80910450104494,97.161820900209,-4.512577770325653
5.876034764e-06,0.5093383887,486.6206393956206,97.32412787912413,-4.625242875749913
5.876958965e-06,0.5087280371,486.07961613257015,97.21592322651402,-6.090467138800719
5.877883165e-06,0.5096435645,486.89115102714584,97.37823020542918,-6.203132244224978
5.878807366e-06,0.5105590918,487.7026858330803,97.54053716661606,-6.315798438290816
5.879731566e-06,0.5099487403,487.16166265867116,97.43233253173423,-7.781021612699938
5.880655766e-06,0.5096435645,486.89115102714584,97.37823020542918,-8.97573324422522
5.881579967e-06,0.5105590918,487.7026858330803,97.54053716661606,-9.08839943829021
5.882504167e-06,0.510253916,487.4321742015551,97.48643484031103,-10.283111069816233
5.883428368e-06,0.5105590918,487.7026858330803,97.54053716661606,-10.936800438290478
5.884352568e-06,0.5120849707,489.0552439020653,97.81104878041306,-10.508442369305484
5.885276768e-06,0.5123901465,489.3257555335906,97.86515110671812,-11.16213073778015
5.886200969e-06,0.5120849707,489.0552439020653,97.81104878041306,-12.356843369305752
5.887125169e-06,0.5136108496,490.4078019710502,98.08156039421006,-11.928485300320757
5.88804937e-06,0.5148315528,491.4898484971513,98.29796969943025,-11.770639774220031
5.88897357e-06,0.5163574317,492.8424065661362,98.56848131322725,-11.342281705235036
5.88989777e-06,0.517272959,493.6539413720707,98.73078827441415,-11.454946899300554
5.890821971e-06,0.5187988379,495.00649944105567,99.00129988821114,-11.026589830315032
5.891746171e-06,0.520019541,496.08854587851533,99.21770917570308,-10.868743392855347
5.892670371e-06,0.5218505957,497.7116155790256,99.54232311580513,-10.169873692345044
5.893594572e-06,0.5236816504,499.33468527953573,99.86693705590716,-9.47100499183517
5.894518772e-06,0.5255127051,500.95775498004593,100.1915509960092,-8.772135291324972
5.895442973e-06,0.5267334082,502.0398014175057,100.40796028350114,-8.614289853865502
5.896367173e-06,0.5294799903,504.47440601259166,100.89488120251835,-7.103885258779486
5.897291373e-06,0.5300903418,505.01542918700085,101.00308583740016,-7.487062084370311
5.898215574e-06,0.5319213965,506.6384988875111,101.32769977750222,-6.788193383859483
5.899139774e-06,0.5337524512,508.2615685880213,101.65231371760426,-6.089323683349286
5.900063975e-06,0.5352783301,509.61412665700624,101.92282533140126,-5.660966614364613
5.900988175e-06,0.536804209,510.96668472599123,102.19333694519825,-5.232608545379619
5.901912375e-06,0.5380249122,512.0487312520921,102.40974625041842,-5.074762019278676
5.902836576e-06,0.5395507911,513.4012893210771,102.68025786421543,-4.646404950294003
5.903760776e-06,0.5398559668,513.6718008639612,102.73436017279224,-5.300093407409925
5.904684977e-06,0.5413818458,515.0243590215874,103.00487180431749,-4.871736249783148
5.905609177e-06,0.5422973731,515.8358938275219,103.16717876550437,-4.984401443849512
5.906533377e-06,0.5435180762,516.9179402649814,103.3835880529963,-4.8265550063898255
5.907457578e-06,0.5432129004,516.6474286334563,103.32948572669127,-6.021267637914476
5.908381778e-06,0.543823252,517.1884518965068,103.43769037930137,-6.404444374863938
5.909305978e-06,0.5441284278,517.458963528032,103.49179270560641,-7.058132743338709
5.910230179e-06,0.5444336036,517.7294751595573,103.54589503191147,-7.711822111813695
5.911154379e-06,0.5444336036,517.7294751595573,103.54589503191147,-8.636022111813668
5.91207858e-06,0.5447387794,517.9999867910825,103.59999735821651,-9.28971148028876
5.91300278e-06,0.5453491309,518.5410099654918,103.70820199309836,-9.67288830587948
5.91392698e-06,0.5453491309,518.5410099654918,103.70820199309836,-10.597088305879453
5.914851181e-06,0.5459594825,519.0820332285423,103.81640664570845,-10.98026604282839
5.915775381e-06,0.5459594825,519.0820332285423,103.81640664570845,-11.904466042828362
5.916699582e-06,0.5468750098,519.8935680344767,103.97871360689534,-12.0171322368942
5.917623782e-06,0.5474853614,520.4345912975272,104.08691825950544,-12.400308973843769
5.918547982e-06,0.5480957129,520.9756144719364,104.19512289438728,-12.783485799434489
5.919472183e-06,0.5484008887,521.2461261034617,104.24922522069235,-13.437175167909475
5.920396383e-06,0.5499267676,522.5986841724467,104.51973683448934,-13.00881709892448
5.921320584e-06,0.5517578223,524.2217538729568,104.84435077459138,-12.309948398413757
5.922244784e-06,0.5523681739,524.7627771360073,104.95255542720147,-12.69312513536322
5.923168984e-06,0.5538940528,526.1153352049923,105.22306704099847,-12.264767066378226
5.924093185e-06,0.5554199317,527.4678932739773,105.49357865479547,-11.836409997393552
5.925017385e-06,0.5566406348,528.549939711437,105.7099879422874,-11.678563559933867
5.925941586e-06,0.5584716895,530.1730094119472,106.03460188238944,-10.979694859423885
5.926865786e-06,0.5593872169,530.9845443065229,106.19690886130459,-11.092359964848146
5.927789986e-06,0.5609130958,532.3371023755079,106.46742047510159,-10.664001895863152
5.928714187e-06,0.5627441505,533.9601720760181,106.79203441520363,-9.965133195353276
5.929638387e-06,0.5654907325,536.3947765824627,107.27895531649256,-8.454728688908624
5.930562587e-06,0.5664062598,537.2063113883972,107.44126227767946,-8.567393882974034
5.931486788e-06,0.5691528419,539.6409159834832,107.92818319669662,-7.056990287887598
5.932410988e-06,0.570373545,540.722962420943,108.14459248418859,-6.899143850427806
5.933335189e-06,0.5712890723,541.5344972268774,108.30689944537548,-7.011810044493644
5.934259389e-06,0.5737304786,543.698590190438,108.73971803808762,-5.771917080932936
5.935183589e-06,0.5743408302,544.2396134534886,108.84792269069773,-6.155093817882399
5.93610779e-06,0.5755615333,545.3216598909482,109.06433197818964,-5.997248380423034
5.93703199e-06,0.577392588,546.9447295914584,109.3889459182917,-5.298378679912732
5.937956191e-06,0.5783081153,547.7562643973929,109.5512528794786,-5.411044873977723
5.938880391e-06,0.5786132911,548.0267760289181,109.60535520578364,-6.064733242452493
5.939804591e-06,0.5789184669,548.2972876604434,109.6594575320887,-6.718421610927158
5.940728792e-06,0.5792236427,548.5677992919686,109.71355985839374,-7.37211097940225
5.941652992e-06,0.58013917,549.3793340979031,109.87586681958062,-7.484776173467767
5.942577193e-06,0.5807495216,549.9203573609536,109.98407147219072,-7.86795391041755
5.943501393e-06,0.5813598731,550.4613805353629,110.09227610707259,-8.25113073600827
5.944425593e-06,0.5813598731,550.4613805353629,110.09227610707259,-9.175330736008243
5.945349794e-06,0.5819702247,551.0024037984133,110.20048075968266,-9.558508472957286
5.946273994e-06,0.5819702247,551.0024037984133,110.20048075968266,-10.48270847295726
5.947198195e-06,0.5810546974,550.1908689924788,110.03817379849578,-12.21844427889201
5.948122395e-06,0.5816650489,550.7318921668881,110.14637843337762,-12.60162110448273
5.949046595e-06,0.5825805763,551.5434270614638,110.30868541229276,-12.714286209906989
5.949970796e-06,0.5825805763,551.5434270614638,110.30868541229276,-13.638487209907284
5.950894996e-06,0.5822754005,551.2729154299386,110.25458308598773,-14.83319884143246
5.951819196e-06,0.5831909278,552.0844502358731,110.41689004717462,-14.945864035497976
5.952743397e-06,0.5834961036,552.3549618673983,110.47099237347965,-15.599553403973069
5.953667597e-06,0.5841064552,552.8959851304488,110.57919702608976,-15.98273014092253
5.954591798e-06,0.5847168067,553.4370083048581,110.68740166097162,-16.365907966512722
5.955515998e-06,0.5859375099,554.519054830959,110.90381096619181,-16.208061440411676
5.956440198e-06,0.5874633888,555.8716128999439,111.17432257998878,-15.779703371426788
5.957364399e-06,0.5883789161,556.6831477058785,111.3366295411757,-15.892369565492519
5.958288599e-06,0.5902099708,558.3062174063887,111.66124348127774,-15.193499864982323
5.9592128e-06,0.5908203224,558.8472406694392,111.76944813388783,-15.576677601932106
5.960137e-06,0.5926513771,560.4703103699493,112.09406207398987,-14.87780790142191
